unique_video_id,split,status,length
train_asd_Subj_1_part_1,train,ok,30
train_asd_Subj_1_part_10,train,ok,30
train_asd_Subj_1_part_100,train,ok,30
train_asd_Subj_1_part_101,train,ok,30
train_asd_Subj_1_part_102,train,ok,30
train_asd_Subj_1_part_103,train,ok,30
train_asd_Subj_1_part_104,train,ok,30
train_asd_Subj_1_part_105,train,ok,30
train_asd_Subj_1_part_106,train,ok,30
train_asd_Subj_1_part_107,train,ok,30
train_asd_Subj_1_part_108,train,ok,30
train_asd_Subj_1_part_109,train,ok,30
train_asd_Subj_1_part_11,train,ok,30
train_asd_Subj_1_part_110,train,ok,30
train_asd_Subj_1_part_111,train,ok,30
train_asd_Subj_1_part_112,train,ok,30
train_asd_Subj_1_part_113,train,ok,30
train_asd_Subj_1_part_114,train,ok,30
train_asd_Subj_1_part_115,train,ok,30
train_asd_Subj_1_part_116,train,ok,30
train_asd_Subj_1_part_117,train,ok,30
train_asd_Subj_1_part_118,train,ok,30
train_asd_Subj_1_part_119,train,ok,30
train_asd_Subj_1_part_12,train,ok,30
train_asd_Subj_1_part_120,train,ok,30
train_asd_Subj_1_part_121,train,ok,30
train_asd_Subj_1_part_13,train,ok,30
train_asd_Subj_1_part_14,train,ok,30
train_asd_Subj_1_part_15,train,ok,30
train_asd_Subj_1_part_16,train,ok,30
train_asd_Subj_1_part_17,train,ok,30
train_asd_Subj_1_part_18,train,ok,30
train_asd_Subj_1_part_19,train,ok,30
train_asd_Subj_1_part_2,train,ok,30
train_asd_Subj_1_part_20,train,ok,30
train_asd_Subj_1_part_21,train,ok,30
train_asd_Subj_1_part_22,train,ok,30
train_asd_Subj_1_part_23,train,ok,30
train_asd_Subj_1_part_24,train,ok,30
train_asd_Subj_1_part_25,train,ok,30
train_asd_Subj_1_part_26,train,ok,30
train_asd_Subj_1_part_27,train,ok,30
train_asd_Subj_1_part_28,train,ok,30
train_asd_Subj_1_part_29,train,ok,30
train_asd_Subj_1_part_3,train,ok,30
train_asd_Subj_1_part_30,train,ok,30
train_asd_Subj_1_part_31,train,ok,30
train_asd_Subj_1_part_32,train,ok,30
train_asd_Subj_1_part_33,train,ok,30
train_asd_Subj_1_part_34,train,ok,30
train_asd_Subj_1_part_35,train,ok,30
train_asd_Subj_1_part_36,train,ok,30
train_asd_Subj_1_part_37,train,ok,30
train_asd_Subj_1_part_38,train,ok,30
train_asd_Subj_1_part_39,train,ok,30
train_asd_Subj_1_part_4,train,ok,30
train_asd_Subj_1_part_40,train,ok,30
train_asd_Subj_1_part_41,train,ok,30
train_asd_Subj_1_part_42,train,ok,30
train_asd_Subj_1_part_43,train,ok,30
train_asd_Subj_1_part_44,train,ok,30
train_asd_Subj_1_part_45,train,ok,30
train_asd_Subj_1_part_46,train,ok,30
train_asd_Subj_1_part_47,train,ok,30
train_asd_Subj_1_part_48,train,ok,30
train_asd_Subj_1_part_49,train,ok,30
train_asd_Subj_1_part_5,train,ok,30
train_asd_Subj_1_part_50,train,ok,30
train_asd_Subj_1_part_51,train,ok,30
train_asd_Subj_1_part_52,train,ok,30
train_asd_Subj_1_part_53,train,ok,30
train_asd_Subj_1_part_54,train,ok,30
train_asd_Subj_1_part_55,train,ok,30
train_asd_Subj_1_part_56,train,ok,30
train_asd_Subj_1_part_57,train,ok,30
train_asd_Subj_1_part_58,train,ok,30
train_asd_Subj_1_part_59,train,ok,30
train_asd_Subj_1_part_6,train,ok,30
train_asd_Subj_1_part_60,train,ok,30
train_asd_Subj_1_part_61,train,ok,30
train_asd_Subj_1_part_62,train,ok,30
train_asd_Subj_1_part_63,train,ok,30
train_asd_Subj_1_part_64,train,ok,30
train_asd_Subj_1_part_65,train,ok,30
train_asd_Subj_1_part_66,train,ok,30
train_asd_Subj_1_part_67,train,ok,30
train_asd_Subj_1_part_68,train,ok,30
train_asd_Subj_1_part_69,train,ok,30
train_asd_Subj_1_part_7,train,ok,30
train_asd_Subj_1_part_70,train,ok,30
train_asd_Subj_1_part_71,train,ok,30
train_asd_Subj_1_part_72,train,ok,30
train_asd_Subj_1_part_73,train,ok,30
train_asd_Subj_1_part_74,train,ok,30
train_asd_Subj_1_part_75,train,ok,30
train_asd_Subj_1_part_76,train,ok,30
train_asd_Subj_1_part_77,train,ok,30
train_asd_Subj_1_part_78,train,ok,30
train_asd_Subj_1_part_79,train,ok,30
train_asd_Subj_1_part_8,train,ok,30
train_asd_Subj_1_part_80,train,ok,30
train_asd_Subj_1_part_81,train,ok,30
train_asd_Subj_1_part_82,train,ok,30
train_asd_Subj_1_part_83,train,ok,30
train_asd_Subj_1_part_84,train,ok,30
train_asd_Subj_1_part_85,train,ok,30
train_asd_Subj_1_part_86,train,ok,30
train_asd_Subj_1_part_87,train,ok,30
train_asd_Subj_1_part_88,train,ok,30
train_asd_Subj_1_part_89,train,ok,30
train_asd_Subj_1_part_9,train,ok,30
train_asd_Subj_1_part_90,train,ok,30
train_asd_Subj_1_part_91,train,ok,30
train_asd_Subj_1_part_92,train,ok,30
train_asd_Subj_1_part_93,train,ok,30
train_asd_Subj_1_part_94,train,ok,30
train_asd_Subj_1_part_95,train,ok,30
train_asd_Subj_1_part_96,train,ok,30
train_asd_Subj_1_part_97,train,ok,30
train_asd_Subj_1_part_98,train,ok,30
train_asd_Subj_1_part_99,train,ok,30
train_asd_Subj_10_part_1,train,ok,30
train_asd_Subj_10_part_10,train,ok,30
train_asd_Subj_10_part_100,train,ok,30
train_asd_Subj_10_part_101,train,ok,30
train_asd_Subj_10_part_102,train,ok,30
train_asd_Subj_10_part_103,train,ok,30
train_asd_Subj_10_part_104,train,ok,30
train_asd_Subj_10_part_105,train,ok,30
train_asd_Subj_10_part_106,train,ok,30
train_asd_Subj_10_part_107,train,ok,30
train_asd_Subj_10_part_108,train,ok,30
train_asd_Subj_10_part_109,train,ok,30
train_asd_Subj_10_part_11,train,ok,30
train_asd_Subj_10_part_110,train,ok,30
train_asd_Subj_10_part_111,train,ok,30
train_asd_Subj_10_part_112,train,ok,30
train_asd_Subj_10_part_113,train,ok,30
train_asd_Subj_10_part_114,train,ok,30
train_asd_Subj_10_part_115,train,ok,30
train_asd_Subj_10_part_116,train,ok,30
train_asd_Subj_10_part_117,train,ok,30
train_asd_Subj_10_part_118,train,ok,30
train_asd_Subj_10_part_119,train,ok,30
train_asd_Subj_10_part_12,train,ok,30
train_asd_Subj_10_part_120,train,ok,30
train_asd_Subj_10_part_121,train,ok,30
train_asd_Subj_10_part_13,train,ok,30
train_asd_Subj_10_part_14,train,ok,30
train_asd_Subj_10_part_15,train,ok,30
train_asd_Subj_10_part_16,train,ok,30
train_asd_Subj_10_part_17,train,ok,30
train_asd_Subj_10_part_18,train,ok,30
train_asd_Subj_10_part_19,train,ok,30
train_asd_Subj_10_part_2,train,ok,30
train_asd_Subj_10_part_20,train,ok,30
train_asd_Subj_10_part_21,train,ok,30
train_asd_Subj_10_part_22,train,ok,30
train_asd_Subj_10_part_23,train,ok,30
train_asd_Subj_10_part_24,train,ok,30
train_asd_Subj_10_part_25,train,ok,30
train_asd_Subj_10_part_26,train,ok,30
train_asd_Subj_10_part_27,train,ok,30
train_asd_Subj_10_part_28,train,ok,30
train_asd_Subj_10_part_29,train,ok,30
train_asd_Subj_10_part_3,train,ok,30
train_asd_Subj_10_part_30,train,ok,30
train_asd_Subj_10_part_31,train,ok,30
train_asd_Subj_10_part_32,train,ok,30
train_asd_Subj_10_part_33,train,ok,30
train_asd_Subj_10_part_34,train,ok,30
train_asd_Subj_10_part_35,train,ok,30
train_asd_Subj_10_part_36,train,ok,30
train_asd_Subj_10_part_37,train,ok,30
train_asd_Subj_10_part_38,train,ok,30
train_asd_Subj_10_part_39,train,ok,30
train_asd_Subj_10_part_4,train,ok,30
train_asd_Subj_10_part_40,train,ok,30
train_asd_Subj_10_part_41,train,ok,30
train_asd_Subj_10_part_42,train,ok,30
train_asd_Subj_10_part_43,train,ok,30
train_asd_Subj_10_part_44,train,ok,30
train_asd_Subj_10_part_45,train,ok,30
train_asd_Subj_10_part_46,train,ok,30
train_asd_Subj_10_part_47,train,ok,30
train_asd_Subj_10_part_48,train,ok,30
train_asd_Subj_10_part_49,train,ok,30
train_asd_Subj_10_part_5,train,ok,30
train_asd_Subj_10_part_50,train,ok,30
train_asd_Subj_10_part_51,train,ok,30
train_asd_Subj_10_part_52,train,ok,30
train_asd_Subj_10_part_53,train,ok,30
train_asd_Subj_10_part_54,train,ok,30
train_asd_Subj_10_part_55,train,ok,30
train_asd_Subj_10_part_56,train,ok,30
train_asd_Subj_10_part_57,train,ok,30
train_asd_Subj_10_part_58,train,ok,30
train_asd_Subj_10_part_59,train,ok,30
train_asd_Subj_10_part_6,train,ok,30
train_asd_Subj_10_part_60,train,ok,30
train_asd_Subj_10_part_61,train,ok,30
train_asd_Subj_10_part_62,train,ok,30
train_asd_Subj_10_part_63,train,ok,30
train_asd_Subj_10_part_64,train,ok,30
train_asd_Subj_10_part_65,train,ok,30
train_asd_Subj_10_part_66,train,ok,30
train_asd_Subj_10_part_67,train,ok,30
train_asd_Subj_10_part_68,train,ok,30
train_asd_Subj_10_part_69,train,ok,30
train_asd_Subj_10_part_7,train,ok,30
train_asd_Subj_10_part_70,train,ok,30
train_asd_Subj_10_part_71,train,ok,30
train_asd_Subj_10_part_72,train,ok,30
train_asd_Subj_10_part_73,train,ok,30
train_asd_Subj_10_part_74,train,ok,30
train_asd_Subj_10_part_75,train,ok,30
train_asd_Subj_10_part_76,train,ok,30
train_asd_Subj_10_part_77,train,ok,30
train_asd_Subj_10_part_78,train,ok,30
train_asd_Subj_10_part_79,train,ok,30
train_asd_Subj_10_part_8,train,ok,30
train_asd_Subj_10_part_80,train,ok,30
train_asd_Subj_10_part_81,train,ok,30
train_asd_Subj_10_part_82,train,ok,30
train_asd_Subj_10_part_83,train,ok,30
train_asd_Subj_10_part_84,train,ok,30
train_asd_Subj_10_part_85,train,ok,30
train_asd_Subj_10_part_86,train,ok,30
train_asd_Subj_10_part_87,train,ok,30
train_asd_Subj_10_part_88,train,ok,30
train_asd_Subj_10_part_89,train,ok,30
train_asd_Subj_10_part_9,train,ok,30
train_asd_Subj_10_part_90,train,ok,30
train_asd_Subj_10_part_91,train,ok,30
train_asd_Subj_10_part_92,train,ok,30
train_asd_Subj_10_part_93,train,ok,30
train_asd_Subj_10_part_94,train,ok,30
train_asd_Subj_10_part_95,train,ok,30
train_asd_Subj_10_part_96,train,ok,30
train_asd_Subj_10_part_97,train,ok,30
train_asd_Subj_10_part_98,train,ok,30
train_asd_Subj_10_part_99,train,ok,30
train_asd_Subj_11_part_1,train,ok,30
train_asd_Subj_11_part_10,train,ok,30
train_asd_Subj_11_part_100,train,ok,30
train_asd_Subj_11_part_101,train,ok,30
train_asd_Subj_11_part_102,train,ok,30
train_asd_Subj_11_part_103,train,ok,30
train_asd_Subj_11_part_104,train,ok,30
train_asd_Subj_11_part_105,train,ok,30
train_asd_Subj_11_part_106,train,ok,30
train_asd_Subj_11_part_107,train,ok,30
train_asd_Subj_11_part_108,train,ok,30
train_asd_Subj_11_part_109,train,ok,30
train_asd_Subj_11_part_11,train,ok,30
train_asd_Subj_11_part_110,train,ok,30
train_asd_Subj_11_part_111,train,ok,30
train_asd_Subj_11_part_112,train,ok,30
train_asd_Subj_11_part_113,train,ok,30
train_asd_Subj_11_part_114,train,ok,30
train_asd_Subj_11_part_115,train,ok,30
train_asd_Subj_11_part_116,train,ok,30
train_asd_Subj_11_part_117,train,ok,30
train_asd_Subj_11_part_118,train,ok,30
train_asd_Subj_11_part_119,train,ok,30
train_asd_Subj_11_part_12,train,ok,30
train_asd_Subj_11_part_120,train,ok,30
train_asd_Subj_11_part_121,train,ok,30
train_asd_Subj_11_part_13,train,ok,30
train_asd_Subj_11_part_14,train,ok,30
train_asd_Subj_11_part_15,train,ok,30
train_asd_Subj_11_part_16,train,ok,30
train_asd_Subj_11_part_17,train,ok,30
train_asd_Subj_11_part_18,train,ok,30
train_asd_Subj_11_part_19,train,ok,30
train_asd_Subj_11_part_2,train,ok,30
train_asd_Subj_11_part_20,train,ok,30
train_asd_Subj_11_part_21,train,ok,30
train_asd_Subj_11_part_22,train,ok,30
train_asd_Subj_11_part_23,train,ok,30
train_asd_Subj_11_part_24,train,ok,30
train_asd_Subj_11_part_25,train,ok,30
train_asd_Subj_11_part_26,train,ok,30
train_asd_Subj_11_part_27,train,ok,30
train_asd_Subj_11_part_28,train,ok,30
train_asd_Subj_11_part_29,train,ok,30
train_asd_Subj_11_part_3,train,ok,30
train_asd_Subj_11_part_30,train,ok,30
train_asd_Subj_11_part_31,train,ok,30
train_asd_Subj_11_part_32,train,ok,30
train_asd_Subj_11_part_33,train,ok,30
train_asd_Subj_11_part_34,train,ok,30
train_asd_Subj_11_part_35,train,ok,30
train_asd_Subj_11_part_36,train,ok,30
train_asd_Subj_11_part_37,train,ok,30
train_asd_Subj_11_part_38,train,ok,30
train_asd_Subj_11_part_39,train,ok,30
train_asd_Subj_11_part_4,train,ok,30
train_asd_Subj_11_part_40,train,ok,30
train_asd_Subj_11_part_41,train,ok,30
train_asd_Subj_11_part_42,train,ok,30
train_asd_Subj_11_part_43,train,ok,30
train_asd_Subj_11_part_44,train,ok,30
train_asd_Subj_11_part_45,train,ok,30
train_asd_Subj_11_part_46,train,ok,30
train_asd_Subj_11_part_47,train,ok,30
train_asd_Subj_11_part_48,train,ok,30
train_asd_Subj_11_part_49,train,ok,30
train_asd_Subj_11_part_5,train,ok,30
train_asd_Subj_11_part_50,train,ok,30
train_asd_Subj_11_part_51,train,ok,30
train_asd_Subj_11_part_52,train,ok,30
train_asd_Subj_11_part_53,train,ok,30
train_asd_Subj_11_part_54,train,ok,30
train_asd_Subj_11_part_55,train,ok,30
train_asd_Subj_11_part_56,train,ok,30
train_asd_Subj_11_part_57,train,ok,30
train_asd_Subj_11_part_58,train,ok,30
train_asd_Subj_11_part_59,train,ok,30
train_asd_Subj_11_part_6,train,ok,30
train_asd_Subj_11_part_60,train,ok,30
train_asd_Subj_11_part_61,train,ok,30
train_asd_Subj_11_part_62,train,ok,30
train_asd_Subj_11_part_63,train,ok,30
train_asd_Subj_11_part_64,train,ok,30
train_asd_Subj_11_part_65,train,ok,30
train_asd_Subj_11_part_66,train,ok,30
train_asd_Subj_11_part_67,train,ok,30
train_asd_Subj_11_part_68,train,ok,30
train_asd_Subj_11_part_69,train,ok,30
train_asd_Subj_11_part_7,train,ok,30
train_asd_Subj_11_part_70,train,ok,30
train_asd_Subj_11_part_71,train,ok,30
train_asd_Subj_11_part_72,train,ok,30
train_asd_Subj_11_part_73,train,ok,30
train_asd_Subj_11_part_74,train,ok,30
train_asd_Subj_11_part_75,train,ok,30
train_asd_Subj_11_part_76,train,ok,30
train_asd_Subj_11_part_77,train,ok,30
train_asd_Subj_11_part_78,train,ok,30
train_asd_Subj_11_part_79,train,ok,30
train_asd_Subj_11_part_8,train,ok,30
train_asd_Subj_11_part_80,train,ok,30
train_asd_Subj_11_part_81,train,ok,30
train_asd_Subj_11_part_82,train,ok,30
train_asd_Subj_11_part_83,train,ok,30
train_asd_Subj_11_part_84,train,ok,30
train_asd_Subj_11_part_85,train,ok,30
train_asd_Subj_11_part_86,train,ok,30
train_asd_Subj_11_part_87,train,ok,30
train_asd_Subj_11_part_88,train,ok,30
train_asd_Subj_11_part_89,train,ok,30
train_asd_Subj_11_part_9,train,ok,30
train_asd_Subj_11_part_90,train,ok,30
train_asd_Subj_11_part_91,train,ok,30
train_asd_Subj_11_part_92,train,ok,30
train_asd_Subj_11_part_93,train,ok,30
train_asd_Subj_11_part_94,train,ok,30
train_asd_Subj_11_part_95,train,ok,30
train_asd_Subj_11_part_96,train,ok,30
train_asd_Subj_11_part_97,train,ok,30
train_asd_Subj_11_part_98,train,ok,30
train_asd_Subj_11_part_99,train,ok,30
train_asd_Subj_12_part_1,train,ok,30
train_asd_Subj_12_part_10,train,ok,30
train_asd_Subj_12_part_100,train,ok,30
train_asd_Subj_12_part_101,train,ok,30
train_asd_Subj_12_part_102,train,ok,30
train_asd_Subj_12_part_103,train,ok,30
train_asd_Subj_12_part_104,train,ok,30
train_asd_Subj_12_part_105,train,ok,30
train_asd_Subj_12_part_106,train,ok,30
train_asd_Subj_12_part_107,train,ok,30
train_asd_Subj_12_part_108,train,ok,30
train_asd_Subj_12_part_109,train,ok,30
train_asd_Subj_12_part_11,train,ok,30
train_asd_Subj_12_part_110,train,ok,30
train_asd_Subj_12_part_111,train,ok,30
train_asd_Subj_12_part_112,train,ok,30
train_asd_Subj_12_part_113,train,ok,30
train_asd_Subj_12_part_114,train,ok,30
train_asd_Subj_12_part_115,train,ok,30
train_asd_Subj_12_part_116,train,ok,30
train_asd_Subj_12_part_117,train,ok,30
train_asd_Subj_12_part_118,train,ok,30
train_asd_Subj_12_part_119,train,ok,30
train_asd_Subj_12_part_12,train,ok,30
train_asd_Subj_12_part_120,train,ok,30
train_asd_Subj_12_part_121,train,ok,30
train_asd_Subj_12_part_13,train,ok,30
train_asd_Subj_12_part_14,train,ok,30
train_asd_Subj_12_part_15,train,ok,30
train_asd_Subj_12_part_16,train,ok,30
train_asd_Subj_12_part_17,train,ok,30
train_asd_Subj_12_part_18,train,ok,30
train_asd_Subj_12_part_19,train,ok,30
train_asd_Subj_12_part_2,train,ok,30
train_asd_Subj_12_part_20,train,ok,30
train_asd_Subj_12_part_21,train,ok,30
train_asd_Subj_12_part_22,train,ok,30
train_asd_Subj_12_part_23,train,ok,30
train_asd_Subj_12_part_24,train,ok,30
train_asd_Subj_12_part_25,train,ok,30
train_asd_Subj_12_part_26,train,ok,30
train_asd_Subj_12_part_27,train,ok,30
train_asd_Subj_12_part_28,train,ok,30
train_asd_Subj_12_part_29,train,ok,30
train_asd_Subj_12_part_3,train,ok,30
train_asd_Subj_12_part_30,train,ok,30
train_asd_Subj_12_part_31,train,ok,30
train_asd_Subj_12_part_32,train,ok,30
train_asd_Subj_12_part_33,train,ok,30
train_asd_Subj_12_part_34,train,ok,30
train_asd_Subj_12_part_35,train,ok,30
train_asd_Subj_12_part_36,train,ok,30
train_asd_Subj_12_part_37,train,ok,30
train_asd_Subj_12_part_38,train,ok,30
train_asd_Subj_12_part_39,train,ok,30
train_asd_Subj_12_part_4,train,ok,30
train_asd_Subj_12_part_40,train,ok,30
train_asd_Subj_12_part_41,train,ok,30
train_asd_Subj_12_part_42,train,ok,30
train_asd_Subj_12_part_43,train,ok,30
train_asd_Subj_12_part_44,train,ok,30
train_asd_Subj_12_part_45,train,ok,30
train_asd_Subj_12_part_46,train,ok,30
train_asd_Subj_12_part_47,train,ok,30
train_asd_Subj_12_part_48,train,ok,30
train_asd_Subj_12_part_49,train,ok,30
train_asd_Subj_12_part_5,train,ok,30
train_asd_Subj_12_part_50,train,ok,30
train_asd_Subj_12_part_51,train,ok,30
train_asd_Subj_12_part_52,train,ok,30
train_asd_Subj_12_part_53,train,ok,30
train_asd_Subj_12_part_54,train,ok,30
train_asd_Subj_12_part_55,train,ok,30
train_asd_Subj_12_part_56,train,ok,30
train_asd_Subj_12_part_57,train,ok,30
train_asd_Subj_12_part_58,train,ok,30
train_asd_Subj_12_part_59,train,ok,30
train_asd_Subj_12_part_6,train,ok,30
train_asd_Subj_12_part_60,train,ok,30
train_asd_Subj_12_part_61,train,ok,30
train_asd_Subj_12_part_62,train,ok,30
train_asd_Subj_12_part_63,train,ok,30
train_asd_Subj_12_part_64,train,ok,30
train_asd_Subj_12_part_65,train,ok,30
train_asd_Subj_12_part_66,train,ok,30
train_asd_Subj_12_part_67,train,ok,30
train_asd_Subj_12_part_68,train,ok,30
train_asd_Subj_12_part_69,train,ok,30
train_asd_Subj_12_part_7,train,ok,30
train_asd_Subj_12_part_70,train,ok,30
train_asd_Subj_12_part_71,train,ok,30
train_asd_Subj_12_part_72,train,ok,30
train_asd_Subj_12_part_73,train,ok,30
train_asd_Subj_12_part_74,train,ok,30
train_asd_Subj_12_part_75,train,ok,30
train_asd_Subj_12_part_76,train,ok,30
train_asd_Subj_12_part_77,train,ok,30
train_asd_Subj_12_part_78,train,ok,30
train_asd_Subj_12_part_79,train,ok,30
train_asd_Subj_12_part_8,train,ok,30
train_asd_Subj_12_part_80,train,ok,30
train_asd_Subj_12_part_81,train,ok,30
train_asd_Subj_12_part_82,train,ok,30
train_asd_Subj_12_part_83,train,ok,30
train_asd_Subj_12_part_84,train,ok,30
train_asd_Subj_12_part_85,train,ok,30
train_asd_Subj_12_part_86,train,ok,30
train_asd_Subj_12_part_87,train,ok,30
train_asd_Subj_12_part_88,train,ok,30
train_asd_Subj_12_part_89,train,ok,30
train_asd_Subj_12_part_9,train,ok,30
train_asd_Subj_12_part_90,train,ok,30
train_asd_Subj_12_part_91,train,ok,30
train_asd_Subj_12_part_92,train,ok,30
train_asd_Subj_12_part_93,train,ok,30
train_asd_Subj_12_part_94,train,ok,30
train_asd_Subj_12_part_95,train,ok,30
train_asd_Subj_12_part_96,train,ok,30
train_asd_Subj_12_part_97,train,ok,30
train_asd_Subj_12_part_98,train,ok,30
train_asd_Subj_12_part_99,train,ok,30
train_asd_Subj_13_part_1,train,ok,30
train_asd_Subj_13_part_10,train,ok,30
train_asd_Subj_13_part_100,train,ok,30
train_asd_Subj_13_part_101,train,ok,30
train_asd_Subj_13_part_102,train,ok,30
train_asd_Subj_13_part_103,train,ok,30
train_asd_Subj_13_part_104,train,ok,30
train_asd_Subj_13_part_105,train,ok,30
train_asd_Subj_13_part_106,train,ok,30
train_asd_Subj_13_part_107,train,ok,30
train_asd_Subj_13_part_108,train,ok,30
train_asd_Subj_13_part_109,train,ok,30
train_asd_Subj_13_part_11,train,ok,30
train_asd_Subj_13_part_110,train,ok,30
train_asd_Subj_13_part_111,train,ok,30
train_asd_Subj_13_part_112,train,ok,30
train_asd_Subj_13_part_113,train,ok,30
train_asd_Subj_13_part_114,train,ok,30
train_asd_Subj_13_part_115,train,ok,30
train_asd_Subj_13_part_116,train,ok,30
train_asd_Subj_13_part_117,train,ok,30
train_asd_Subj_13_part_118,train,ok,30
train_asd_Subj_13_part_119,train,ok,30
train_asd_Subj_13_part_12,train,ok,30
train_asd_Subj_13_part_120,train,ok,30
train_asd_Subj_13_part_121,train,ok,30
train_asd_Subj_13_part_13,train,ok,30
train_asd_Subj_13_part_14,train,ok,30
train_asd_Subj_13_part_15,train,ok,30
train_asd_Subj_13_part_16,train,ok,30
train_asd_Subj_13_part_17,train,ok,30
train_asd_Subj_13_part_18,train,ok,30
train_asd_Subj_13_part_19,train,ok,30
train_asd_Subj_13_part_2,train,ok,30
train_asd_Subj_13_part_20,train,ok,30
train_asd_Subj_13_part_21,train,ok,30
train_asd_Subj_13_part_22,train,ok,30
train_asd_Subj_13_part_23,train,ok,30
train_asd_Subj_13_part_24,train,ok,30
train_asd_Subj_13_part_25,train,ok,30
train_asd_Subj_13_part_26,train,ok,30
train_asd_Subj_13_part_27,train,ok,30
train_asd_Subj_13_part_28,train,ok,30
train_asd_Subj_13_part_29,train,ok,30
train_asd_Subj_13_part_3,train,ok,30
train_asd_Subj_13_part_30,train,ok,30
train_asd_Subj_13_part_31,train,ok,30
train_asd_Subj_13_part_32,train,ok,30
train_asd_Subj_13_part_33,train,ok,30
train_asd_Subj_13_part_34,train,ok,30
train_asd_Subj_13_part_35,train,ok,30
train_asd_Subj_13_part_36,train,ok,30
train_asd_Subj_13_part_37,train,ok,30
train_asd_Subj_13_part_38,train,ok,30
train_asd_Subj_13_part_39,train,ok,30
train_asd_Subj_13_part_4,train,ok,30
train_asd_Subj_13_part_40,train,ok,30
train_asd_Subj_13_part_41,train,ok,30
train_asd_Subj_13_part_42,train,ok,30
train_asd_Subj_13_part_43,train,ok,30
train_asd_Subj_13_part_44,train,ok,30
train_asd_Subj_13_part_45,train,ok,30
train_asd_Subj_13_part_46,train,ok,30
train_asd_Subj_13_part_47,train,ok,30
train_asd_Subj_13_part_48,train,ok,30
train_asd_Subj_13_part_49,train,ok,30
train_asd_Subj_13_part_5,train,ok,30
train_asd_Subj_13_part_50,train,ok,30
train_asd_Subj_13_part_51,train,ok,30
train_asd_Subj_13_part_52,train,ok,30
train_asd_Subj_13_part_53,train,ok,30
train_asd_Subj_13_part_54,train,ok,30
train_asd_Subj_13_part_55,train,ok,30
train_asd_Subj_13_part_56,train,ok,30
train_asd_Subj_13_part_57,train,ok,30
train_asd_Subj_13_part_58,train,ok,30
train_asd_Subj_13_part_59,train,ok,30
train_asd_Subj_13_part_6,train,ok,30
train_asd_Subj_13_part_60,train,ok,30
train_asd_Subj_13_part_61,train,ok,30
train_asd_Subj_13_part_62,train,ok,30
train_asd_Subj_13_part_63,train,ok,30
train_asd_Subj_13_part_64,train,ok,30
train_asd_Subj_13_part_65,train,ok,30
train_asd_Subj_13_part_66,train,ok,30
train_asd_Subj_13_part_67,train,ok,30
train_asd_Subj_13_part_68,train,ok,30
train_asd_Subj_13_part_69,train,ok,30
train_asd_Subj_13_part_7,train,ok,30
train_asd_Subj_13_part_70,train,ok,30
train_asd_Subj_13_part_71,train,ok,30
train_asd_Subj_13_part_72,train,ok,30
train_asd_Subj_13_part_73,train,ok,30
train_asd_Subj_13_part_74,train,ok,30
train_asd_Subj_13_part_75,train,ok,30
train_asd_Subj_13_part_76,train,ok,30
train_asd_Subj_13_part_77,train,ok,30
train_asd_Subj_13_part_78,train,ok,30
train_asd_Subj_13_part_79,train,ok,30
train_asd_Subj_13_part_8,train,ok,30
train_asd_Subj_13_part_80,train,ok,30
train_asd_Subj_13_part_81,train,ok,30
train_asd_Subj_13_part_82,train,ok,30
train_asd_Subj_13_part_83,train,ok,30
train_asd_Subj_13_part_84,train,ok,30
train_asd_Subj_13_part_85,train,ok,30
train_asd_Subj_13_part_86,train,ok,30
train_asd_Subj_13_part_87,train,ok,30
train_asd_Subj_13_part_88,train,ok,30
train_asd_Subj_13_part_89,train,ok,30
train_asd_Subj_13_part_9,train,ok,30
train_asd_Subj_13_part_90,train,ok,30
train_asd_Subj_13_part_91,train,ok,30
train_asd_Subj_13_part_92,train,ok,30
train_asd_Subj_13_part_93,train,ok,30
train_asd_Subj_13_part_94,train,ok,30
train_asd_Subj_13_part_95,train,ok,30
train_asd_Subj_13_part_96,train,ok,30
train_asd_Subj_13_part_97,train,ok,30
train_asd_Subj_13_part_98,train,ok,30
train_asd_Subj_13_part_99,train,ok,30
train_td_Subj_1_part_1,train,ok,30
train_td_Subj_1_part_10,train,ok,30
train_td_Subj_1_part_100,train,ok,30
train_td_Subj_1_part_101,train,ok,30
train_td_Subj_1_part_102,train,ok,30
train_td_Subj_1_part_103,train,ok,30
train_td_Subj_1_part_104,train,ok,30
train_td_Subj_1_part_105,train,ok,30
train_td_Subj_1_part_106,train,ok,30
train_td_Subj_1_part_107,train,ok,30
train_td_Subj_1_part_108,train,ok,30
train_td_Subj_1_part_109,train,ok,30
train_td_Subj_1_part_11,train,ok,30
train_td_Subj_1_part_110,train,ok,30
train_td_Subj_1_part_111,train,ok,30
train_td_Subj_1_part_112,train,ok,30
train_td_Subj_1_part_113,train,ok,30
train_td_Subj_1_part_114,train,ok,30
train_td_Subj_1_part_115,train,ok,30
train_td_Subj_1_part_116,train,ok,30
train_td_Subj_1_part_117,train,ok,30
train_td_Subj_1_part_118,train,ok,30
train_td_Subj_1_part_119,train,ok,30
train_td_Subj_1_part_12,train,ok,30
train_td_Subj_1_part_120,train,ok,30
train_td_Subj_1_part_121,train,ok,30
train_td_Subj_1_part_13,train,ok,30
train_td_Subj_1_part_14,train,ok,30
train_td_Subj_1_part_15,train,ok,30
train_td_Subj_1_part_16,train,ok,30
train_td_Subj_1_part_17,train,ok,30
train_td_Subj_1_part_18,train,ok,30
train_td_Subj_1_part_19,train,ok,30
train_td_Subj_1_part_2,train,ok,30
train_td_Subj_1_part_20,train,ok,30
train_td_Subj_1_part_21,train,ok,30
train_td_Subj_1_part_22,train,ok,30
train_td_Subj_1_part_23,train,ok,30
train_td_Subj_1_part_24,train,ok,30
train_td_Subj_1_part_25,train,ok,30
train_td_Subj_1_part_26,train,ok,30
train_td_Subj_1_part_27,train,ok,30
train_td_Subj_1_part_28,train,ok,30
train_td_Subj_1_part_29,train,ok,30
train_td_Subj_1_part_3,train,ok,30
train_td_Subj_1_part_30,train,ok,30
train_td_Subj_1_part_31,train,ok,30
train_td_Subj_1_part_32,train,ok,30
train_td_Subj_1_part_33,train,ok,30
train_td_Subj_1_part_34,train,ok,30
train_td_Subj_1_part_35,train,ok,30
train_td_Subj_1_part_36,train,ok,30
train_td_Subj_1_part_37,train,ok,30
train_td_Subj_1_part_38,train,ok,30
train_td_Subj_1_part_39,train,ok,30
train_td_Subj_1_part_4,train,ok,30
train_td_Subj_1_part_40,train,ok,30
train_td_Subj_1_part_41,train,ok,30
train_td_Subj_1_part_42,train,ok,30
train_td_Subj_1_part_43,train,ok,30
train_td_Subj_1_part_44,train,ok,30
train_td_Subj_1_part_45,train,ok,30
train_td_Subj_1_part_46,train,ok,30
train_td_Subj_1_part_47,train,ok,30
train_td_Subj_1_part_48,train,ok,30
train_td_Subj_1_part_49,train,ok,30
train_td_Subj_1_part_5,train,ok,30
train_td_Subj_1_part_50,train,ok,30
train_td_Subj_1_part_51,train,ok,30
train_td_Subj_1_part_52,train,ok,30
train_td_Subj_1_part_53,train,ok,30
train_td_Subj_1_part_54,train,ok,30
train_td_Subj_1_part_55,train,ok,30
train_td_Subj_1_part_56,train,ok,30
train_td_Subj_1_part_57,train,ok,30
train_td_Subj_1_part_58,train,ok,30
train_td_Subj_1_part_59,train,ok,30
train_td_Subj_1_part_6,train,ok,30
train_td_Subj_1_part_60,train,ok,30
train_td_Subj_1_part_61,train,ok,30
train_td_Subj_1_part_62,train,ok,30
train_td_Subj_1_part_63,train,ok,30
train_td_Subj_1_part_64,train,ok,30
train_td_Subj_1_part_65,train,ok,30
train_td_Subj_1_part_66,train,ok,30
train_td_Subj_1_part_67,train,ok,30
train_td_Subj_1_part_68,train,ok,30
train_td_Subj_1_part_69,train,ok,30
train_td_Subj_1_part_7,train,ok,30
train_td_Subj_1_part_70,train,ok,30
train_td_Subj_1_part_71,train,ok,30
train_td_Subj_1_part_72,train,ok,30
train_td_Subj_1_part_73,train,ok,30
train_td_Subj_1_part_74,train,ok,30
train_td_Subj_1_part_75,train,ok,30
train_td_Subj_1_part_76,train,ok,30
train_td_Subj_1_part_77,train,ok,30
train_td_Subj_1_part_78,train,ok,30
train_td_Subj_1_part_79,train,ok,30
train_td_Subj_1_part_8,train,ok,30
train_td_Subj_1_part_80,train,ok,30
train_td_Subj_1_part_81,train,ok,30
train_td_Subj_1_part_82,train,ok,30
train_td_Subj_1_part_83,train,ok,30
train_td_Subj_1_part_84,train,ok,30
train_td_Subj_1_part_85,train,ok,30
train_td_Subj_1_part_86,train,ok,30
train_td_Subj_1_part_87,train,ok,30
train_td_Subj_1_part_88,train,ok,30
train_td_Subj_1_part_89,train,ok,30
train_td_Subj_1_part_9,train,ok,30
train_td_Subj_1_part_90,train,ok,30
train_td_Subj_1_part_91,train,ok,30
train_td_Subj_1_part_92,train,ok,30
train_td_Subj_1_part_93,train,ok,30
train_td_Subj_1_part_94,train,ok,30
train_td_Subj_1_part_95,train,ok,30
train_td_Subj_1_part_96,train,ok,30
train_td_Subj_1_part_97,train,ok,30
train_td_Subj_1_part_98,train,ok,30
train_td_Subj_1_part_99,train,ok,30
train_td_Subj_10_part_1,train,ok,30
train_td_Subj_10_part_10,train,ok,30
train_td_Subj_10_part_100,train,ok,30
train_td_Subj_10_part_101,train,ok,30
train_td_Subj_10_part_102,train,ok,30
train_td_Subj_10_part_103,train,ok,30
train_td_Subj_10_part_104,train,ok,30
train_td_Subj_10_part_105,train,ok,30
train_td_Subj_10_part_106,train,ok,30
train_td_Subj_10_part_107,train,ok,30
train_td_Subj_10_part_108,train,ok,30
train_td_Subj_10_part_109,train,ok,30
train_td_Subj_10_part_11,train,ok,30
train_td_Subj_10_part_110,train,ok,30
train_td_Subj_10_part_111,train,ok,30
train_td_Subj_10_part_112,train,ok,30
train_td_Subj_10_part_113,train,ok,30
train_td_Subj_10_part_114,train,ok,30
train_td_Subj_10_part_115,train,ok,30
train_td_Subj_10_part_116,train,ok,30
train_td_Subj_10_part_117,train,ok,30
train_td_Subj_10_part_118,train,ok,30
train_td_Subj_10_part_119,train,ok,30
train_td_Subj_10_part_12,train,ok,30
train_td_Subj_10_part_120,train,ok,30
train_td_Subj_10_part_121,train,ok,30
train_td_Subj_10_part_13,train,ok,30
train_td_Subj_10_part_14,train,ok,30
train_td_Subj_10_part_15,train,ok,30
train_td_Subj_10_part_16,train,ok,30
train_td_Subj_10_part_17,train,ok,30
train_td_Subj_10_part_18,train,ok,30
train_td_Subj_10_part_19,train,ok,30
train_td_Subj_10_part_2,train,ok,30
train_td_Subj_10_part_20,train,ok,30
train_td_Subj_10_part_21,train,ok,30
train_td_Subj_10_part_22,train,ok,30
train_td_Subj_10_part_23,train,ok,30
train_td_Subj_10_part_24,train,ok,30
train_td_Subj_10_part_25,train,ok,30
train_td_Subj_10_part_26,train,ok,30
train_td_Subj_10_part_27,train,ok,30
train_td_Subj_10_part_28,train,ok,30
train_td_Subj_10_part_29,train,ok,30
train_td_Subj_10_part_3,train,ok,30
train_td_Subj_10_part_30,train,ok,30
train_td_Subj_10_part_31,train,ok,30
train_td_Subj_10_part_34,train,ok,30
train_td_Subj_10_part_35,train,ok,30
train_td_Subj_10_part_36,train,ok,30
train_td_Subj_10_part_37,train,ok,30
train_td_Subj_10_part_38,train,ok,30
train_td_Subj_10_part_39,train,ok,30
train_td_Subj_10_part_4,train,ok,30
train_td_Subj_10_part_40,train,ok,30
train_td_Subj_10_part_41,train,ok,30
train_td_Subj_10_part_42,train,ok,30
train_td_Subj_10_part_43,train,ok,30
train_td_Subj_10_part_44,train,ok,30
train_td_Subj_10_part_45,train,ok,30
train_td_Subj_10_part_46,train,ok,30
train_td_Subj_10_part_47,train,ok,30
train_td_Subj_10_part_48,train,ok,30
train_td_Subj_10_part_49,train,ok,30
train_td_Subj_10_part_5,train,ok,30
train_td_Subj_10_part_50,train,ok,30
train_td_Subj_10_part_51,train,ok,30
train_td_Subj_10_part_52,train,ok,30
train_td_Subj_10_part_53,train,ok,30
train_td_Subj_10_part_54,train,ok,30
train_td_Subj_10_part_55,train,ok,30
train_td_Subj_10_part_56,train,ok,30
train_td_Subj_10_part_57,train,ok,30
train_td_Subj_10_part_58,train,ok,30
train_td_Subj_10_part_59,train,ok,30
train_td_Subj_10_part_6,train,ok,30
train_td_Subj_10_part_60,train,ok,30
train_td_Subj_10_part_61,train,ok,30
train_td_Subj_10_part_62,train,ok,30
train_td_Subj_10_part_63,train,ok,30
train_td_Subj_10_part_64,train,ok,30
train_td_Subj_10_part_65,train,ok,30
train_td_Subj_10_part_66,train,ok,30
train_td_Subj_10_part_67,train,ok,30
train_td_Subj_10_part_68,train,ok,30
train_td_Subj_10_part_69,train,ok,30
train_td_Subj_10_part_7,train,ok,30
train_td_Subj_10_part_70,train,ok,30
train_td_Subj_10_part_71,train,ok,30
train_td_Subj_10_part_72,train,ok,30
train_td_Subj_10_part_73,train,ok,30
train_td_Subj_10_part_74,train,ok,30
train_td_Subj_10_part_75,train,ok,30
train_td_Subj_10_part_76,train,ok,30
train_td_Subj_10_part_77,train,ok,30
train_td_Subj_10_part_78,train,ok,30
train_td_Subj_10_part_79,train,ok,30
train_td_Subj_10_part_8,train,ok,30
train_td_Subj_10_part_80,train,ok,30
train_td_Subj_10_part_81,train,ok,30
train_td_Subj_10_part_82,train,ok,30
train_td_Subj_10_part_83,train,ok,30
train_td_Subj_10_part_84,train,ok,30
train_td_Subj_10_part_85,train,ok,30
train_td_Subj_10_part_86,train,ok,30
train_td_Subj_10_part_87,train,ok,30
train_td_Subj_10_part_88,train,ok,30
train_td_Subj_10_part_89,train,ok,30
train_td_Subj_10_part_9,train,ok,30
train_td_Subj_10_part_90,train,ok,30
train_td_Subj_10_part_91,train,ok,30
train_td_Subj_10_part_92,train,ok,30
train_td_Subj_10_part_93,train,ok,30
train_td_Subj_10_part_94,train,ok,30
train_td_Subj_10_part_95,train,ok,30
train_td_Subj_10_part_96,train,ok,30
train_td_Subj_10_part_97,train,ok,30
train_td_Subj_10_part_98,train,ok,30
train_td_Subj_10_part_99,train,ok,30
train_td_Subj_11_part_1,train,ok,30
train_td_Subj_11_part_10,train,ok,30
train_td_Subj_11_part_100,train,ok,30
train_td_Subj_11_part_101,train,ok,30
train_td_Subj_11_part_102,train,ok,30
train_td_Subj_11_part_103,train,ok,30
train_td_Subj_11_part_104,train,ok,30
train_td_Subj_11_part_105,train,ok,30
train_td_Subj_11_part_106,train,ok,30
train_td_Subj_11_part_107,train,ok,30
train_td_Subj_11_part_108,train,ok,30
train_td_Subj_11_part_109,train,ok,30
train_td_Subj_11_part_11,train,ok,30
train_td_Subj_11_part_110,train,ok,30
train_td_Subj_11_part_111,train,ok,30
train_td_Subj_11_part_112,train,ok,30
train_td_Subj_11_part_113,train,ok,30
train_td_Subj_11_part_114,train,ok,30
train_td_Subj_11_part_115,train,ok,30
train_td_Subj_11_part_116,train,ok,30
train_td_Subj_11_part_117,train,ok,30
train_td_Subj_11_part_118,train,ok,30
train_td_Subj_11_part_119,train,ok,30
train_td_Subj_11_part_12,train,ok,30
train_td_Subj_11_part_120,train,ok,30
train_td_Subj_11_part_121,train,ok,30
train_td_Subj_11_part_13,train,ok,30
train_td_Subj_11_part_14,train,ok,30
train_td_Subj_11_part_15,train,ok,30
train_td_Subj_11_part_16,train,ok,30
train_td_Subj_11_part_17,train,ok,30
train_td_Subj_11_part_18,train,ok,30
train_td_Subj_11_part_19,train,ok,30
train_td_Subj_11_part_2,train,ok,30
train_td_Subj_11_part_20,train,ok,30
train_td_Subj_11_part_21,train,ok,30
train_td_Subj_11_part_22,train,ok,30
train_td_Subj_11_part_23,train,ok,30
train_td_Subj_11_part_24,train,ok,30
train_td_Subj_11_part_25,train,ok,30
train_td_Subj_11_part_26,train,ok,30
train_td_Subj_11_part_27,train,ok,30
train_td_Subj_11_part_28,train,ok,30
train_td_Subj_11_part_29,train,ok,30
train_td_Subj_11_part_3,train,ok,30
train_td_Subj_11_part_30,train,ok,30
train_td_Subj_11_part_31,train,ok,30
train_td_Subj_11_part_32,train,ok,30
train_td_Subj_11_part_33,train,ok,30
train_td_Subj_11_part_34,train,ok,30
train_td_Subj_11_part_35,train,ok,30
train_td_Subj_11_part_36,train,ok,30
train_td_Subj_11_part_37,train,ok,30
train_td_Subj_11_part_38,train,ok,30
train_td_Subj_11_part_39,train,ok,30
train_td_Subj_11_part_4,train,ok,30
train_td_Subj_11_part_40,train,ok,30
train_td_Subj_11_part_41,train,ok,30
train_td_Subj_11_part_42,train,ok,30
train_td_Subj_11_part_43,train,ok,30
train_td_Subj_11_part_44,train,ok,30
train_td_Subj_11_part_45,train,ok,30
train_td_Subj_11_part_46,train,ok,30
train_td_Subj_11_part_47,train,ok,30
train_td_Subj_11_part_48,train,ok,30
train_td_Subj_11_part_49,train,ok,30
train_td_Subj_11_part_5,train,ok,30
train_td_Subj_11_part_50,train,ok,30
train_td_Subj_11_part_51,train,ok,30
train_td_Subj_11_part_52,train,ok,30
train_td_Subj_11_part_53,train,ok,30
train_td_Subj_11_part_54,train,ok,30
train_td_Subj_11_part_55,train,ok,30
train_td_Subj_11_part_56,train,ok,30
train_td_Subj_11_part_57,train,ok,30
train_td_Subj_11_part_58,train,ok,30
train_td_Subj_11_part_59,train,ok,30
train_td_Subj_11_part_6,train,ok,30
train_td_Subj_11_part_60,train,ok,30
train_td_Subj_11_part_61,train,ok,30
train_td_Subj_11_part_62,train,ok,30
train_td_Subj_11_part_63,train,ok,30
train_td_Subj_11_part_64,train,ok,30
train_td_Subj_11_part_65,train,ok,30
train_td_Subj_11_part_66,train,ok,30
train_td_Subj_11_part_67,train,ok,30
train_td_Subj_11_part_68,train,ok,30
train_td_Subj_11_part_69,train,ok,30
train_td_Subj_11_part_7,train,ok,30
train_td_Subj_11_part_70,train,ok,30
train_td_Subj_11_part_71,train,ok,30
train_td_Subj_11_part_72,train,ok,30
train_td_Subj_11_part_73,train,ok,30
train_td_Subj_11_part_74,train,ok,30
train_td_Subj_11_part_75,train,ok,30
train_td_Subj_11_part_76,train,ok,30
train_td_Subj_11_part_77,train,ok,30
train_td_Subj_11_part_78,train,ok,30
train_td_Subj_11_part_79,train,ok,30
train_td_Subj_11_part_8,train,ok,30
train_td_Subj_11_part_80,train,ok,30
train_td_Subj_11_part_81,train,ok,30
train_td_Subj_11_part_82,train,ok,30
train_td_Subj_11_part_83,train,ok,30
train_td_Subj_11_part_84,train,ok,30
train_td_Subj_11_part_85,train,ok,30
train_td_Subj_11_part_86,train,ok,30
train_td_Subj_11_part_87,train,ok,30
train_td_Subj_11_part_88,train,ok,30
train_td_Subj_11_part_89,train,ok,30
train_td_Subj_11_part_9,train,ok,30
train_td_Subj_11_part_90,train,ok,30
train_td_Subj_11_part_91,train,ok,30
train_td_Subj_11_part_92,train,ok,30
train_td_Subj_11_part_93,train,ok,30
train_td_Subj_11_part_94,train,ok,30
train_td_Subj_11_part_95,train,ok,30
train_td_Subj_11_part_96,train,ok,30
train_td_Subj_11_part_97,train,ok,30
train_td_Subj_11_part_98,train,ok,30
train_td_Subj_11_part_99,train,ok,30
train_td_Subj_12_part_1,train,ok,30
train_td_Subj_12_part_10,train,ok,30
train_td_Subj_12_part_100,train,ok,30
train_td_Subj_12_part_101,train,ok,30
train_td_Subj_12_part_102,train,ok,30
train_td_Subj_12_part_103,train,ok,30
train_td_Subj_12_part_104,train,ok,30
train_td_Subj_12_part_105,train,ok,30
train_td_Subj_12_part_106,train,ok,30
train_td_Subj_12_part_107,train,ok,30
train_td_Subj_12_part_108,train,ok,30
train_td_Subj_12_part_109,train,ok,30
train_td_Subj_12_part_11,train,ok,30
train_td_Subj_12_part_110,train,ok,30
train_td_Subj_12_part_111,train,ok,30
train_td_Subj_12_part_112,train,ok,30
train_td_Subj_12_part_113,train,ok,30
train_td_Subj_12_part_114,train,ok,30
train_td_Subj_12_part_115,train,ok,30
train_td_Subj_12_part_116,train,ok,30
train_td_Subj_12_part_117,train,ok,30
train_td_Subj_12_part_118,train,ok,30
train_td_Subj_12_part_119,train,ok,30
train_td_Subj_12_part_12,train,ok,30
train_td_Subj_12_part_120,train,ok,30
train_td_Subj_12_part_121,train,ok,30
train_td_Subj_12_part_13,train,ok,30
train_td_Subj_12_part_14,train,ok,30
train_td_Subj_12_part_15,train,ok,30
train_td_Subj_12_part_16,train,ok,30
train_td_Subj_12_part_17,train,ok,30
train_td_Subj_12_part_18,train,ok,30
train_td_Subj_12_part_19,train,ok,30
train_td_Subj_12_part_2,train,ok,30
train_td_Subj_12_part_20,train,ok,30
train_td_Subj_12_part_21,train,ok,30
train_td_Subj_12_part_22,train,ok,30
train_td_Subj_12_part_23,train,ok,30
train_td_Subj_12_part_24,train,ok,30
train_td_Subj_12_part_25,train,ok,30
train_td_Subj_12_part_26,train,ok,30
train_td_Subj_12_part_27,train,ok,30
train_td_Subj_12_part_28,train,ok,30
train_td_Subj_12_part_29,train,ok,30
train_td_Subj_12_part_3,train,ok,30
train_td_Subj_12_part_30,train,ok,30
train_td_Subj_12_part_31,train,ok,30
train_td_Subj_12_part_32,train,ok,30
train_td_Subj_12_part_33,train,ok,30
train_td_Subj_12_part_34,train,ok,30
train_td_Subj_12_part_35,train,ok,30
train_td_Subj_12_part_36,train,ok,30
train_td_Subj_12_part_37,train,ok,30
train_td_Subj_12_part_38,train,ok,30
train_td_Subj_12_part_39,train,ok,30
train_td_Subj_12_part_4,train,ok,30
train_td_Subj_12_part_40,train,ok,30
train_td_Subj_12_part_41,train,ok,30
train_td_Subj_12_part_42,train,ok,30
train_td_Subj_12_part_43,train,ok,30
train_td_Subj_12_part_44,train,ok,30
train_td_Subj_12_part_45,train,ok,30
train_td_Subj_12_part_46,train,ok,30
train_td_Subj_12_part_47,train,ok,30
train_td_Subj_12_part_48,train,ok,30
train_td_Subj_12_part_49,train,ok,30
train_td_Subj_12_part_5,train,ok,30
train_td_Subj_12_part_50,train,ok,30
train_td_Subj_12_part_51,train,ok,30
train_td_Subj_12_part_52,train,ok,30
train_td_Subj_12_part_53,train,ok,30
train_td_Subj_12_part_54,train,ok,30
train_td_Subj_12_part_55,train,ok,30
train_td_Subj_12_part_56,train,ok,30
train_td_Subj_12_part_57,train,ok,30
train_td_Subj_12_part_58,train,ok,30
train_td_Subj_12_part_59,train,ok,30
train_td_Subj_12_part_6,train,ok,30
train_td_Subj_12_part_60,train,ok,30
train_td_Subj_12_part_61,train,ok,30
train_td_Subj_12_part_62,train,ok,30
train_td_Subj_12_part_63,train,ok,30
train_td_Subj_12_part_64,train,ok,30
train_td_Subj_12_part_65,train,ok,30
train_td_Subj_12_part_66,train,ok,30
train_td_Subj_12_part_67,train,ok,30
train_td_Subj_12_part_68,train,ok,30
train_td_Subj_12_part_69,train,ok,30
train_td_Subj_12_part_7,train,ok,30
train_td_Subj_12_part_70,train,ok,30
train_td_Subj_12_part_71,train,ok,30
train_td_Subj_12_part_72,train,ok,30
train_td_Subj_12_part_73,train,ok,30
train_td_Subj_12_part_74,train,ok,30
train_td_Subj_12_part_75,train,ok,30
train_td_Subj_12_part_76,train,ok,30
train_td_Subj_12_part_77,train,ok,30
train_td_Subj_12_part_78,train,ok,30
train_td_Subj_12_part_79,train,ok,30
train_td_Subj_12_part_8,train,ok,30
train_td_Subj_12_part_80,train,ok,30
train_td_Subj_12_part_81,train,ok,30
train_td_Subj_12_part_82,train,ok,30
train_td_Subj_12_part_83,train,ok,30
train_td_Subj_12_part_84,train,ok,30
train_td_Subj_12_part_85,train,ok,30
train_td_Subj_12_part_86,train,ok,30
train_td_Subj_12_part_87,train,ok,30
train_td_Subj_12_part_88,train,ok,30
train_td_Subj_12_part_89,train,ok,30
train_td_Subj_12_part_9,train,ok,30
train_td_Subj_12_part_90,train,ok,30
train_td_Subj_12_part_91,train,ok,30
train_td_Subj_12_part_92,train,ok,30
train_td_Subj_12_part_93,train,ok,30
train_td_Subj_12_part_94,train,ok,30
train_td_Subj_12_part_95,train,ok,30
train_td_Subj_12_part_96,train,ok,30
train_td_Subj_12_part_97,train,ok,30
train_td_Subj_12_part_98,train,ok,30
train_td_Subj_12_part_99,train,ok,30
train_td_Subj_13_part_1,train,ok,30
train_td_Subj_13_part_10,train,ok,30
train_td_Subj_13_part_100,train,ok,30
train_td_Subj_13_part_101,train,ok,30
train_td_Subj_13_part_102,train,ok,30
train_td_Subj_13_part_103,train,ok,30
train_td_Subj_13_part_104,train,ok,30
train_td_Subj_13_part_105,train,ok,30
train_td_Subj_13_part_106,train,ok,30
train_td_Subj_13_part_107,train,ok,30
train_td_Subj_13_part_108,train,ok,30
train_td_Subj_13_part_109,train,ok,30
train_td_Subj_13_part_11,train,ok,30
train_td_Subj_13_part_110,train,ok,30
train_td_Subj_13_part_111,train,ok,30
train_td_Subj_13_part_112,train,ok,30
train_td_Subj_13_part_113,train,ok,30
train_td_Subj_13_part_114,train,ok,30
train_td_Subj_13_part_115,train,ok,30
train_td_Subj_13_part_116,train,ok,30
train_td_Subj_13_part_117,train,ok,30
train_td_Subj_13_part_118,train,ok,30
train_td_Subj_13_part_119,train,ok,30
train_td_Subj_13_part_12,train,ok,30
train_td_Subj_13_part_120,train,ok,30
train_td_Subj_13_part_121,train,ok,30
train_td_Subj_13_part_13,train,ok,30
train_td_Subj_13_part_14,train,ok,30
train_td_Subj_13_part_15,train,ok,30
train_td_Subj_13_part_16,train,ok,30
train_td_Subj_13_part_17,train,ok,30
train_td_Subj_13_part_18,train,ok,30
train_td_Subj_13_part_19,train,ok,30
train_td_Subj_13_part_2,train,ok,30
train_td_Subj_13_part_20,train,ok,30
train_td_Subj_13_part_21,train,ok,30
train_td_Subj_13_part_22,train,ok,30
train_td_Subj_13_part_23,train,ok,30
train_td_Subj_13_part_24,train,ok,30
train_td_Subj_13_part_25,train,ok,30
train_td_Subj_13_part_26,train,ok,30
train_td_Subj_13_part_27,train,ok,30
train_td_Subj_13_part_28,train,ok,30
train_td_Subj_13_part_29,train,ok,30
train_td_Subj_13_part_3,train,ok,30
train_td_Subj_13_part_30,train,ok,30
train_td_Subj_13_part_31,train,ok,30
train_td_Subj_13_part_32,train,ok,30
train_td_Subj_13_part_33,train,ok,30
train_td_Subj_13_part_34,train,ok,30
train_td_Subj_13_part_35,train,ok,30
train_td_Subj_13_part_36,train,ok,30
train_td_Subj_13_part_37,train,ok,30
train_td_Subj_13_part_38,train,ok,30
train_td_Subj_13_part_39,train,ok,30
train_td_Subj_13_part_4,train,ok,30
train_td_Subj_13_part_40,train,ok,30
train_td_Subj_13_part_41,train,ok,30
train_td_Subj_13_part_42,train,ok,30
train_td_Subj_13_part_43,train,ok,30
train_td_Subj_13_part_44,train,ok,30
train_td_Subj_13_part_45,train,ok,30
train_td_Subj_13_part_46,train,ok,30
train_td_Subj_13_part_47,train,ok,30
train_td_Subj_13_part_48,train,ok,30
train_td_Subj_13_part_49,train,ok,30
train_td_Subj_13_part_5,train,ok,30
train_td_Subj_13_part_50,train,ok,30
train_td_Subj_13_part_51,train,ok,30
train_td_Subj_13_part_52,train,ok,30
train_td_Subj_13_part_53,train,ok,30
train_td_Subj_13_part_54,train,ok,30
train_td_Subj_13_part_55,train,ok,30
train_td_Subj_13_part_56,train,ok,30
train_td_Subj_13_part_57,train,ok,30
train_td_Subj_13_part_58,train,ok,30
train_td_Subj_13_part_59,train,ok,30
train_td_Subj_13_part_6,train,ok,30
train_td_Subj_13_part_60,train,ok,30
train_td_Subj_13_part_61,train,ok,30
train_td_Subj_13_part_62,train,ok,30
train_td_Subj_13_part_63,train,ok,30
train_td_Subj_13_part_64,train,ok,30
train_td_Subj_13_part_65,train,ok,30
train_td_Subj_13_part_66,train,ok,30
train_td_Subj_13_part_67,train,ok,30
train_td_Subj_13_part_68,train,ok,30
train_td_Subj_13_part_69,train,ok,30
train_td_Subj_13_part_7,train,ok,30
train_td_Subj_13_part_70,train,ok,30
train_td_Subj_13_part_71,train,ok,30
train_td_Subj_13_part_72,train,ok,30
train_td_Subj_13_part_73,train,ok,30
train_td_Subj_13_part_74,train,ok,30
train_td_Subj_13_part_75,train,ok,30
train_td_Subj_13_part_76,train,ok,30
train_td_Subj_13_part_77,train,ok,30
train_td_Subj_13_part_78,train,ok,30
train_td_Subj_13_part_79,train,ok,30
train_td_Subj_13_part_8,train,ok,30
train_td_Subj_13_part_80,train,ok,30
train_td_Subj_13_part_81,train,ok,30
train_td_Subj_13_part_82,train,ok,30
train_td_Subj_13_part_83,train,ok,30
train_td_Subj_13_part_84,train,ok,30
train_td_Subj_13_part_85,train,ok,30
train_td_Subj_13_part_86,train,ok,30
train_td_Subj_13_part_87,train,ok,30
train_td_Subj_13_part_88,train,ok,30
train_td_Subj_13_part_89,train,ok,30
train_td_Subj_13_part_9,train,ok,30
train_td_Subj_13_part_90,train,ok,30
train_td_Subj_13_part_91,train,ok,30
train_td_Subj_13_part_92,train,ok,30
train_td_Subj_13_part_93,train,ok,30
train_td_Subj_13_part_94,train,ok,30
train_td_Subj_13_part_95,train,ok,30
train_td_Subj_13_part_96,train,ok,30
train_td_Subj_13_part_97,train,ok,30
train_td_Subj_13_part_98,train,ok,30
train_td_Subj_13_part_99,train,ok,30
test_asd_Subj_100_part_1,test,ok,30
test_asd_Subj_100_part_10,test,ok,30
test_asd_Subj_100_part_100,test,ok,30
test_asd_Subj_100_part_101,test,ok,30
test_asd_Subj_100_part_102,test,ok,30
test_asd_Subj_100_part_103,test,ok,30
test_asd_Subj_100_part_104,test,ok,30
test_asd_Subj_100_part_105,test,ok,30
test_asd_Subj_100_part_106,test,ok,30
test_asd_Subj_100_part_107,test,ok,30
test_asd_Subj_100_part_108,test,ok,30
test_asd_Subj_100_part_109,test,ok,30
test_asd_Subj_100_part_11,test,ok,30
test_asd_Subj_100_part_110,test,ok,30
test_asd_Subj_100_part_111,test,ok,30
test_asd_Subj_100_part_112,test,ok,30
test_asd_Subj_100_part_113,test,ok,30
test_asd_Subj_100_part_114,test,ok,30
test_asd_Subj_100_part_115,test,ok,30
test_asd_Subj_100_part_116,test,ok,30
test_asd_Subj_100_part_117,test,ok,30
test_asd_Subj_100_part_118,test,ok,30
test_asd_Subj_100_part_119,test,ok,30
test_asd_Subj_100_part_12,test,ok,30
test_asd_Subj_100_part_120,test,ok,30
test_asd_Subj_100_part_121,test,ok,30
test_asd_Subj_100_part_13,test,ok,30
test_asd_Subj_100_part_14,test,ok,30
test_asd_Subj_100_part_15,test,ok,30
test_asd_Subj_100_part_16,test,ok,30
test_asd_Subj_100_part_17,test,ok,30
test_asd_Subj_100_part_18,test,ok,30
test_asd_Subj_100_part_19,test,ok,30
test_asd_Subj_100_part_2,test,ok,30
test_asd_Subj_100_part_20,test,ok,30
test_asd_Subj_100_part_21,test,ok,30
test_asd_Subj_100_part_22,test,ok,30
test_asd_Subj_100_part_23,test,ok,30
test_asd_Subj_100_part_24,test,ok,30
test_asd_Subj_100_part_25,test,ok,30
test_asd_Subj_100_part_26,test,ok,30
test_asd_Subj_100_part_27,test,ok,30
test_asd_Subj_100_part_28,test,ok,30
test_asd_Subj_100_part_29,test,ok,30
test_asd_Subj_100_part_3,test,ok,30
test_asd_Subj_100_part_30,test,ok,30
test_asd_Subj_100_part_31,test,ok,30
test_asd_Subj_100_part_32,test,ok,30
test_asd_Subj_100_part_33,test,ok,30
test_asd_Subj_100_part_34,test,ok,30
test_asd_Subj_100_part_35,test,ok,30
test_asd_Subj_100_part_36,test,ok,30
test_asd_Subj_100_part_37,test,ok,30
test_asd_Subj_100_part_38,test,ok,30
test_asd_Subj_100_part_39,test,ok,30
test_asd_Subj_100_part_4,test,ok,30
test_asd_Subj_100_part_40,test,ok,30
test_asd_Subj_100_part_41,test,ok,30
test_asd_Subj_100_part_42,test,ok,30
test_asd_Subj_100_part_43,test,ok,30
test_asd_Subj_100_part_44,test,ok,30
test_asd_Subj_100_part_45,test,ok,30
test_asd_Subj_100_part_46,test,ok,30
test_asd_Subj_100_part_47,test,ok,30
test_asd_Subj_100_part_48,test,ok,30
test_asd_Subj_100_part_49,test,ok,30
test_asd_Subj_100_part_5,test,ok,30
test_asd_Subj_100_part_50,test,ok,30
test_asd_Subj_100_part_51,test,ok,30
test_asd_Subj_100_part_52,test,ok,30
test_asd_Subj_100_part_53,test,ok,30
test_asd_Subj_100_part_54,test,ok,30
test_asd_Subj_100_part_55,test,ok,30
test_asd_Subj_100_part_56,test,ok,30
test_asd_Subj_100_part_57,test,ok,30
test_asd_Subj_100_part_58,test,ok,30
test_asd_Subj_100_part_59,test,ok,30
test_asd_Subj_100_part_6,test,ok,30
test_asd_Subj_100_part_60,test,ok,30
test_asd_Subj_100_part_61,test,ok,30
test_asd_Subj_100_part_62,test,ok,30
test_asd_Subj_100_part_63,test,ok,30
test_asd_Subj_100_part_64,test,ok,30
test_asd_Subj_100_part_65,test,ok,30
test_asd_Subj_100_part_66,test,ok,30
test_asd_Subj_100_part_67,test,ok,30
test_asd_Subj_100_part_68,test,ok,30
test_asd_Subj_100_part_69,test,ok,30
test_asd_Subj_100_part_7,test,ok,30
test_asd_Subj_100_part_70,test,ok,30
test_asd_Subj_100_part_71,test,ok,30
test_asd_Subj_100_part_72,test,ok,30
test_asd_Subj_100_part_73,test,ok,30
test_asd_Subj_100_part_74,test,ok,30
test_asd_Subj_100_part_75,test,ok,30
test_asd_Subj_100_part_76,test,ok,30
test_asd_Subj_100_part_77,test,ok,30
test_asd_Subj_100_part_78,test,ok,30
test_asd_Subj_100_part_79,test,ok,30
test_asd_Subj_100_part_8,test,ok,30
test_asd_Subj_100_part_80,test,ok,30
test_asd_Subj_100_part_81,test,ok,30
test_asd_Subj_100_part_82,test,ok,30
test_asd_Subj_100_part_83,test,ok,30
test_asd_Subj_100_part_84,test,ok,30
test_asd_Subj_100_part_85,test,ok,30
test_asd_Subj_100_part_86,test,ok,30
test_asd_Subj_100_part_87,test,ok,30
test_asd_Subj_100_part_88,test,ok,30
test_asd_Subj_100_part_89,test,ok,30
test_asd_Subj_100_part_9,test,ok,30
test_asd_Subj_100_part_90,test,ok,30
test_asd_Subj_100_part_91,test,ok,30
test_asd_Subj_100_part_92,test,ok,30
test_asd_Subj_100_part_93,test,ok,30
test_asd_Subj_100_part_94,test,ok,30
test_asd_Subj_100_part_95,test,ok,30
test_asd_Subj_100_part_96,test,ok,30
test_asd_Subj_100_part_97,test,ok,30
test_asd_Subj_100_part_98,test,ok,30
test_asd_Subj_100_part_99,test,ok,30
test_asd_Subj_101_part_1,test,ok,30
test_asd_Subj_101_part_10,test,ok,30
test_asd_Subj_101_part_100,test,ok,30
test_asd_Subj_101_part_101,test,ok,30
test_asd_Subj_101_part_102,test,ok,30
test_asd_Subj_101_part_103,test,ok,30
test_asd_Subj_101_part_104,test,ok,30
test_asd_Subj_101_part_105,test,ok,30
test_asd_Subj_101_part_106,test,ok,30
test_asd_Subj_101_part_107,test,ok,30
test_asd_Subj_101_part_108,test,ok,30
test_asd_Subj_101_part_109,test,ok,30
test_asd_Subj_101_part_11,test,ok,30
test_asd_Subj_101_part_110,test,ok,30
test_asd_Subj_101_part_111,test,ok,30
test_asd_Subj_101_part_112,test,ok,30
test_asd_Subj_101_part_113,test,ok,30
test_asd_Subj_101_part_114,test,ok,30
test_asd_Subj_101_part_115,test,ok,30
test_asd_Subj_101_part_116,test,ok,30
test_asd_Subj_101_part_117,test,ok,30
test_asd_Subj_101_part_118,test,ok,30
test_asd_Subj_101_part_119,test,ok,30
test_asd_Subj_101_part_12,test,ok,30
test_asd_Subj_101_part_120,test,ok,30
test_asd_Subj_101_part_121,test,ok,30
test_asd_Subj_101_part_13,test,ok,30
test_asd_Subj_101_part_14,test,ok,30
test_asd_Subj_101_part_15,test,ok,30
test_asd_Subj_101_part_16,test,ok,30
test_asd_Subj_101_part_17,test,ok,30
test_asd_Subj_101_part_18,test,ok,30
test_asd_Subj_101_part_19,test,ok,30
test_asd_Subj_101_part_2,test,ok,30
test_asd_Subj_101_part_20,test,ok,30
test_asd_Subj_101_part_21,test,ok,30
test_asd_Subj_101_part_22,test,ok,30
test_asd_Subj_101_part_23,test,ok,30
test_asd_Subj_101_part_24,test,ok,30
test_asd_Subj_101_part_25,test,ok,30
test_asd_Subj_101_part_26,test,ok,30
test_asd_Subj_101_part_27,test,ok,30
test_asd_Subj_101_part_28,test,ok,30
test_asd_Subj_101_part_29,test,ok,30
test_asd_Subj_101_part_3,test,ok,30
test_asd_Subj_101_part_30,test,ok,30
test_asd_Subj_101_part_31,test,ok,30
test_asd_Subj_101_part_32,test,ok,30
test_asd_Subj_101_part_33,test,ok,30
test_asd_Subj_101_part_34,test,ok,30
test_asd_Subj_101_part_35,test,ok,30
test_asd_Subj_101_part_36,test,ok,30
test_asd_Subj_101_part_37,test,ok,30
test_asd_Subj_101_part_38,test,ok,30
test_asd_Subj_101_part_39,test,ok,30
test_asd_Subj_101_part_4,test,ok,30
test_asd_Subj_101_part_40,test,ok,30
test_asd_Subj_101_part_41,test,ok,30
test_asd_Subj_101_part_42,test,ok,30
test_asd_Subj_101_part_43,test,ok,30
test_asd_Subj_101_part_44,test,ok,30
test_asd_Subj_101_part_45,test,ok,30
test_asd_Subj_101_part_46,test,ok,30
test_asd_Subj_101_part_47,test,ok,30
test_asd_Subj_101_part_48,test,ok,30
test_asd_Subj_101_part_49,test,ok,30
test_asd_Subj_101_part_5,test,ok,30
test_asd_Subj_101_part_50,test,ok,30
test_asd_Subj_101_part_51,test,ok,30
test_asd_Subj_101_part_52,test,ok,30
test_asd_Subj_101_part_53,test,ok,30
test_asd_Subj_101_part_54,test,ok,30
test_asd_Subj_101_part_55,test,ok,30
test_asd_Subj_101_part_56,test,ok,30
test_asd_Subj_101_part_57,test,ok,30
test_asd_Subj_101_part_58,test,ok,30
test_asd_Subj_101_part_59,test,ok,30
test_asd_Subj_101_part_6,test,ok,30
test_asd_Subj_101_part_60,test,ok,30
test_asd_Subj_101_part_61,test,ok,30
test_asd_Subj_101_part_62,test,ok,30
test_asd_Subj_101_part_63,test,ok,30
test_asd_Subj_101_part_64,test,ok,30
test_asd_Subj_101_part_65,test,ok,30
test_asd_Subj_101_part_66,test,ok,30
test_asd_Subj_101_part_67,test,ok,30
test_asd_Subj_101_part_68,test,ok,30
test_asd_Subj_101_part_69,test,ok,30
test_asd_Subj_101_part_7,test,ok,30
test_asd_Subj_101_part_70,test,ok,30
test_asd_Subj_101_part_71,test,ok,30
test_asd_Subj_101_part_72,test,ok,30
test_asd_Subj_101_part_73,test,ok,30
test_asd_Subj_101_part_74,test,ok,30
test_asd_Subj_101_part_75,test,ok,30
test_asd_Subj_101_part_76,test,ok,30
test_asd_Subj_101_part_77,test,ok,30
test_asd_Subj_101_part_78,test,ok,30
test_asd_Subj_101_part_79,test,ok,30
test_asd_Subj_101_part_8,test,ok,30
test_asd_Subj_101_part_80,test,ok,30
test_asd_Subj_101_part_81,test,ok,30
test_asd_Subj_101_part_82,test,ok,30
test_asd_Subj_101_part_83,test,ok,30
test_asd_Subj_101_part_84,test,ok,30
test_asd_Subj_101_part_85,test,ok,30
test_asd_Subj_101_part_86,test,ok,30
test_asd_Subj_101_part_87,test,ok,30
test_asd_Subj_101_part_88,test,ok,30
test_asd_Subj_101_part_89,test,ok,30
test_asd_Subj_101_part_9,test,ok,30
test_asd_Subj_101_part_90,test,ok,30
test_asd_Subj_101_part_91,test,ok,30
test_asd_Subj_101_part_92,test,ok,30
test_asd_Subj_101_part_93,test,ok,30
test_asd_Subj_101_part_94,test,ok,30
test_asd_Subj_101_part_95,test,ok,30
test_asd_Subj_101_part_96,test,ok,30
test_asd_Subj_101_part_97,test,ok,30
test_asd_Subj_101_part_98,test,ok,30
test_asd_Subj_101_part_99,test,ok,30
test_asd_Subj_102_part_1,test,ok,30
test_asd_Subj_102_part_10,test,ok,30
test_asd_Subj_102_part_100,test,ok,30
test_asd_Subj_102_part_101,test,ok,30
test_asd_Subj_102_part_102,test,ok,30
test_asd_Subj_102_part_103,test,ok,30
test_asd_Subj_102_part_104,test,ok,30
test_asd_Subj_102_part_105,test,ok,30
test_asd_Subj_102_part_106,test,ok,30
test_asd_Subj_102_part_107,test,ok,30
test_asd_Subj_102_part_108,test,ok,30
test_asd_Subj_102_part_109,test,ok,30
test_asd_Subj_102_part_11,test,ok,30
test_asd_Subj_102_part_110,test,ok,30
test_asd_Subj_102_part_111,test,ok,30
test_asd_Subj_102_part_112,test,ok,30
test_asd_Subj_102_part_113,test,ok,30
test_asd_Subj_102_part_114,test,ok,30
test_asd_Subj_102_part_115,test,ok,30
test_asd_Subj_102_part_116,test,ok,30
test_asd_Subj_102_part_117,test,ok,30
test_asd_Subj_102_part_118,test,ok,30
test_asd_Subj_102_part_119,test,ok,30
test_asd_Subj_102_part_12,test,ok,30
test_asd_Subj_102_part_120,test,ok,30
test_asd_Subj_102_part_121,test,ok,30
test_asd_Subj_102_part_13,test,ok,30
test_asd_Subj_102_part_14,test,ok,30
test_asd_Subj_102_part_15,test,ok,30
test_asd_Subj_102_part_16,test,ok,30
test_asd_Subj_102_part_17,test,ok,30
test_asd_Subj_102_part_18,test,ok,30
test_asd_Subj_102_part_19,test,ok,30
test_asd_Subj_102_part_2,test,ok,30
test_asd_Subj_102_part_20,test,ok,30
test_asd_Subj_102_part_21,test,ok,30
test_asd_Subj_102_part_22,test,ok,30
test_asd_Subj_102_part_23,test,ok,30
test_asd_Subj_102_part_24,test,ok,30
test_asd_Subj_102_part_25,test,ok,30
test_asd_Subj_102_part_26,test,ok,30
test_asd_Subj_102_part_27,test,ok,30
test_asd_Subj_102_part_28,test,ok,30
test_asd_Subj_102_part_29,test,ok,30
test_asd_Subj_102_part_3,test,ok,30
test_asd_Subj_102_part_30,test,ok,30
test_asd_Subj_102_part_31,test,ok,30
test_asd_Subj_102_part_32,test,ok,30
test_asd_Subj_102_part_33,test,ok,30
test_asd_Subj_102_part_34,test,ok,30
test_asd_Subj_102_part_35,test,ok,30
test_asd_Subj_102_part_36,test,ok,30
test_asd_Subj_102_part_37,test,ok,30
test_asd_Subj_102_part_38,test,ok,30
test_asd_Subj_102_part_39,test,ok,30
test_asd_Subj_102_part_4,test,ok,30
test_asd_Subj_102_part_40,test,ok,30
test_asd_Subj_102_part_42,test,ok,30
test_asd_Subj_102_part_43,test,ok,30
test_asd_Subj_102_part_45,test,ok,30
test_asd_Subj_102_part_46,test,ok,30
test_asd_Subj_102_part_47,test,ok,30
test_asd_Subj_102_part_48,test,ok,30
test_asd_Subj_102_part_49,test,ok,30
test_asd_Subj_102_part_5,test,ok,30
test_asd_Subj_102_part_50,test,ok,30
test_asd_Subj_102_part_51,test,ok,30
test_asd_Subj_102_part_52,test,ok,30
test_asd_Subj_102_part_53,test,ok,30
test_asd_Subj_102_part_54,test,ok,30
test_asd_Subj_102_part_55,test,ok,30
test_asd_Subj_102_part_56,test,ok,30
test_asd_Subj_102_part_57,test,ok,30
test_asd_Subj_102_part_58,test,ok,30
test_asd_Subj_102_part_59,test,ok,30
test_asd_Subj_102_part_6,test,ok,30
test_asd_Subj_102_part_60,test,ok,30
test_asd_Subj_102_part_61,test,ok,30
test_asd_Subj_102_part_62,test,ok,30
test_asd_Subj_102_part_63,test,ok,30
test_asd_Subj_102_part_64,test,ok,30
test_asd_Subj_102_part_65,test,ok,30
test_asd_Subj_102_part_66,test,ok,30
test_asd_Subj_102_part_67,test,ok,30
test_asd_Subj_102_part_68,test,ok,30
test_asd_Subj_102_part_69,test,ok,30
test_asd_Subj_102_part_7,test,ok,30
test_asd_Subj_102_part_70,test,ok,30
test_asd_Subj_102_part_71,test,ok,30
test_asd_Subj_102_part_72,test,ok,30
test_asd_Subj_102_part_73,test,ok,30
test_asd_Subj_102_part_74,test,ok,30
test_asd_Subj_102_part_75,test,ok,30
test_asd_Subj_102_part_76,test,ok,30
test_asd_Subj_102_part_77,test,ok,30
test_asd_Subj_102_part_78,test,ok,30
test_asd_Subj_102_part_79,test,ok,30
test_asd_Subj_102_part_8,test,ok,30
test_asd_Subj_102_part_80,test,ok,30
test_asd_Subj_102_part_81,test,ok,30
test_asd_Subj_102_part_82,test,ok,30
test_asd_Subj_102_part_83,test,ok,30
test_asd_Subj_102_part_84,test,ok,30
test_asd_Subj_102_part_85,test,ok,30
test_asd_Subj_102_part_86,test,ok,30
test_asd_Subj_102_part_87,test,ok,30
test_asd_Subj_102_part_88,test,ok,30
test_asd_Subj_102_part_89,test,ok,30
test_asd_Subj_102_part_9,test,ok,30
test_asd_Subj_102_part_90,test,ok,30
test_asd_Subj_102_part_91,test,ok,30
test_asd_Subj_102_part_92,test,ok,30
test_asd_Subj_102_part_93,test,ok,30
test_asd_Subj_102_part_94,test,ok,30
test_asd_Subj_102_part_95,test,ok,30
test_asd_Subj_102_part_96,test,ok,30
test_asd_Subj_102_part_97,test,ok,30
test_asd_Subj_102_part_98,test,ok,30
test_asd_Subj_102_part_99,test,ok,30
test_asd_Subj_103_part_1,test,ok,30
test_asd_Subj_103_part_10,test,ok,30
test_asd_Subj_103_part_100,test,ok,30
test_asd_Subj_103_part_101,test,ok,30
test_asd_Subj_103_part_102,test,ok,30
test_asd_Subj_103_part_103,test,ok,30
test_asd_Subj_103_part_104,test,ok,30
test_asd_Subj_103_part_105,test,ok,30
test_asd_Subj_103_part_106,test,ok,30
test_asd_Subj_103_part_107,test,ok,30
test_asd_Subj_103_part_108,test,ok,30
test_asd_Subj_103_part_109,test,ok,30
test_asd_Subj_103_part_11,test,ok,30
test_asd_Subj_103_part_110,test,ok,30
test_asd_Subj_103_part_111,test,ok,30
test_asd_Subj_103_part_112,test,ok,30
test_asd_Subj_103_part_113,test,ok,30
test_asd_Subj_103_part_114,test,ok,30
test_asd_Subj_103_part_115,test,ok,30
test_asd_Subj_103_part_116,test,ok,30
test_asd_Subj_103_part_117,test,ok,30
test_asd_Subj_103_part_118,test,ok,30
test_asd_Subj_103_part_119,test,ok,30
test_asd_Subj_103_part_12,test,ok,30
test_asd_Subj_103_part_120,test,ok,30
test_asd_Subj_103_part_121,test,ok,30
test_asd_Subj_103_part_13,test,ok,30
test_asd_Subj_103_part_14,test,ok,30
test_asd_Subj_103_part_15,test,ok,30
test_asd_Subj_103_part_16,test,ok,30
test_asd_Subj_103_part_17,test,ok,30
test_asd_Subj_103_part_18,test,ok,30
test_asd_Subj_103_part_19,test,ok,30
test_asd_Subj_103_part_2,test,ok,30
test_asd_Subj_103_part_20,test,ok,30
test_asd_Subj_103_part_21,test,ok,30
test_asd_Subj_103_part_22,test,ok,30
test_asd_Subj_103_part_23,test,ok,30
test_asd_Subj_103_part_24,test,ok,30
test_asd_Subj_103_part_25,test,ok,30
test_asd_Subj_103_part_26,test,ok,30
test_asd_Subj_103_part_27,test,ok,30
test_asd_Subj_103_part_28,test,ok,30
test_asd_Subj_103_part_29,test,ok,30
test_asd_Subj_103_part_3,test,ok,30
test_asd_Subj_103_part_30,test,ok,30
test_asd_Subj_103_part_31,test,ok,30
test_asd_Subj_103_part_32,test,ok,30
test_asd_Subj_103_part_33,test,ok,30
test_asd_Subj_103_part_34,test,ok,30
test_asd_Subj_103_part_35,test,ok,30
test_asd_Subj_103_part_36,test,ok,30
test_asd_Subj_103_part_37,test,ok,30
test_asd_Subj_103_part_38,test,ok,30
test_asd_Subj_103_part_39,test,ok,30
test_asd_Subj_103_part_4,test,ok,30
test_asd_Subj_103_part_40,test,ok,30
test_asd_Subj_103_part_41,test,ok,30
test_asd_Subj_103_part_42,test,ok,30
test_asd_Subj_103_part_43,test,ok,30
test_asd_Subj_103_part_44,test,ok,30
test_asd_Subj_103_part_45,test,ok,30
test_asd_Subj_103_part_46,test,ok,30
test_asd_Subj_103_part_47,test,ok,30
test_asd_Subj_103_part_48,test,ok,30
test_asd_Subj_103_part_49,test,ok,30
test_asd_Subj_103_part_5,test,ok,30
test_asd_Subj_103_part_50,test,ok,30
test_asd_Subj_103_part_51,test,ok,30
test_asd_Subj_103_part_52,test,ok,30
test_asd_Subj_103_part_53,test,ok,30
test_asd_Subj_103_part_54,test,ok,30
test_asd_Subj_103_part_55,test,ok,30
test_asd_Subj_103_part_56,test,ok,30
test_asd_Subj_103_part_57,test,ok,30
test_asd_Subj_103_part_58,test,ok,30
test_asd_Subj_103_part_59,test,ok,30
test_asd_Subj_103_part_6,test,ok,30
test_asd_Subj_103_part_60,test,ok,30
test_asd_Subj_103_part_61,test,ok,30
test_asd_Subj_103_part_62,test,ok,30
test_asd_Subj_103_part_63,test,ok,30
test_asd_Subj_103_part_64,test,ok,30
test_asd_Subj_103_part_65,test,ok,30
test_asd_Subj_103_part_66,test,ok,30
test_asd_Subj_103_part_67,test,ok,30
test_asd_Subj_103_part_68,test,ok,30
test_asd_Subj_103_part_69,test,ok,30
test_asd_Subj_103_part_7,test,ok,30
test_asd_Subj_103_part_70,test,ok,30
test_asd_Subj_103_part_71,test,ok,30
test_asd_Subj_103_part_72,test,ok,30
test_asd_Subj_103_part_73,test,ok,30
test_asd_Subj_103_part_74,test,ok,30
test_asd_Subj_103_part_75,test,ok,30
test_asd_Subj_103_part_76,test,ok,30
test_asd_Subj_103_part_77,test,ok,30
test_asd_Subj_103_part_78,test,ok,30
test_asd_Subj_103_part_79,test,ok,30
test_asd_Subj_103_part_8,test,ok,30
test_asd_Subj_103_part_80,test,ok,30
test_asd_Subj_103_part_81,test,ok,30
test_asd_Subj_103_part_82,test,ok,30
test_asd_Subj_103_part_83,test,ok,30
test_asd_Subj_103_part_84,test,ok,30
test_asd_Subj_103_part_85,test,ok,30
test_asd_Subj_103_part_86,test,ok,30
test_asd_Subj_103_part_87,test,ok,30
test_asd_Subj_103_part_88,test,ok,30
test_asd_Subj_103_part_89,test,ok,30
test_asd_Subj_103_part_9,test,ok,30
test_asd_Subj_103_part_90,test,ok,30
test_asd_Subj_103_part_91,test,ok,30
test_asd_Subj_103_part_92,test,ok,30
test_asd_Subj_103_part_93,test,ok,30
test_asd_Subj_103_part_94,test,ok,30
test_asd_Subj_103_part_95,test,ok,30
test_asd_Subj_103_part_96,test,ok,30
test_asd_Subj_103_part_97,test,ok,30
test_asd_Subj_103_part_98,test,ok,30
test_asd_Subj_103_part_99,test,ok,30
test_asd_Subj_104_part_1,test,ok,30
test_asd_Subj_104_part_10,test,ok,30
test_asd_Subj_104_part_100,test,ok,30
test_asd_Subj_104_part_101,test,ok,30
test_asd_Subj_104_part_102,test,ok,30
test_asd_Subj_104_part_103,test,ok,30
test_asd_Subj_104_part_104,test,ok,30
test_asd_Subj_104_part_105,test,ok,30
test_asd_Subj_104_part_106,test,ok,30
test_asd_Subj_104_part_107,test,ok,30
test_asd_Subj_104_part_108,test,ok,30
test_asd_Subj_104_part_109,test,ok,30
test_asd_Subj_104_part_11,test,ok,30
test_asd_Subj_104_part_110,test,ok,30
test_asd_Subj_104_part_111,test,ok,30
test_asd_Subj_104_part_112,test,ok,30
test_asd_Subj_104_part_113,test,ok,30
test_asd_Subj_104_part_114,test,ok,30
test_asd_Subj_104_part_115,test,ok,30
test_asd_Subj_104_part_116,test,ok,30
test_asd_Subj_104_part_117,test,ok,30
test_asd_Subj_104_part_118,test,ok,30
test_asd_Subj_104_part_119,test,ok,30
test_asd_Subj_104_part_12,test,ok,30
test_asd_Subj_104_part_120,test,ok,30
test_asd_Subj_104_part_121,test,ok,30
test_asd_Subj_104_part_13,test,ok,30
test_asd_Subj_104_part_14,test,ok,30
test_asd_Subj_104_part_15,test,ok,30
test_asd_Subj_104_part_16,test,ok,30
test_asd_Subj_104_part_17,test,ok,30
test_asd_Subj_104_part_18,test,ok,30
test_asd_Subj_104_part_19,test,ok,30
test_asd_Subj_104_part_2,test,ok,30
test_asd_Subj_104_part_20,test,ok,30
test_asd_Subj_104_part_21,test,ok,30
test_asd_Subj_104_part_22,test,ok,30
test_asd_Subj_104_part_23,test,ok,30
test_asd_Subj_104_part_24,test,ok,30
test_asd_Subj_104_part_25,test,ok,30
test_asd_Subj_104_part_26,test,ok,30
test_asd_Subj_104_part_27,test,ok,30
test_asd_Subj_104_part_28,test,ok,30
test_asd_Subj_104_part_29,test,ok,30
test_asd_Subj_104_part_3,test,ok,30
test_asd_Subj_104_part_30,test,ok,30
test_asd_Subj_104_part_31,test,ok,30
test_asd_Subj_104_part_32,test,ok,30
test_asd_Subj_104_part_33,test,ok,30
test_asd_Subj_104_part_34,test,ok,30
test_asd_Subj_104_part_35,test,ok,30
test_asd_Subj_104_part_36,test,ok,30
test_asd_Subj_104_part_37,test,ok,30
test_asd_Subj_104_part_38,test,ok,30
test_asd_Subj_104_part_39,test,ok,30
test_asd_Subj_104_part_4,test,ok,30
test_asd_Subj_104_part_40,test,ok,30
test_asd_Subj_104_part_41,test,ok,30
test_asd_Subj_104_part_42,test,ok,30
test_asd_Subj_104_part_43,test,ok,30
test_asd_Subj_104_part_44,test,ok,30
test_asd_Subj_104_part_45,test,ok,30
test_asd_Subj_104_part_46,test,ok,30
test_asd_Subj_104_part_47,test,ok,30
test_asd_Subj_104_part_48,test,ok,30
test_asd_Subj_104_part_49,test,ok,30
test_asd_Subj_104_part_5,test,ok,30
test_asd_Subj_104_part_50,test,ok,30
test_asd_Subj_104_part_51,test,ok,30
test_asd_Subj_104_part_52,test,ok,30
test_asd_Subj_104_part_53,test,ok,30
test_asd_Subj_104_part_54,test,ok,30
test_asd_Subj_104_part_55,test,ok,30
test_asd_Subj_104_part_56,test,ok,30
test_asd_Subj_104_part_57,test,ok,30
test_asd_Subj_104_part_58,test,ok,30
test_asd_Subj_104_part_59,test,ok,30
test_asd_Subj_104_part_6,test,ok,30
test_asd_Subj_104_part_60,test,ok,30
test_asd_Subj_104_part_61,test,ok,30
test_asd_Subj_104_part_62,test,ok,30
test_asd_Subj_104_part_63,test,ok,30
test_asd_Subj_104_part_64,test,ok,30
test_asd_Subj_104_part_65,test,ok,30
test_asd_Subj_104_part_66,test,ok,30
test_asd_Subj_104_part_67,test,ok,30
test_asd_Subj_104_part_68,test,ok,30
test_asd_Subj_104_part_69,test,ok,30
test_asd_Subj_104_part_7,test,ok,30
test_asd_Subj_104_part_70,test,ok,30
test_asd_Subj_104_part_71,test,ok,30
test_asd_Subj_104_part_72,test,ok,30
test_asd_Subj_104_part_73,test,ok,30
test_asd_Subj_104_part_74,test,ok,30
test_asd_Subj_104_part_75,test,ok,30
test_asd_Subj_104_part_76,test,ok,30
test_asd_Subj_104_part_77,test,ok,30
test_asd_Subj_104_part_78,test,ok,30
test_asd_Subj_104_part_79,test,ok,30
test_asd_Subj_104_part_8,test,ok,30
test_asd_Subj_104_part_80,test,ok,30
test_asd_Subj_104_part_81,test,ok,30
test_asd_Subj_104_part_82,test,ok,30
test_asd_Subj_104_part_83,test,ok,30
test_asd_Subj_104_part_84,test,ok,30
test_asd_Subj_104_part_85,test,ok,30
test_asd_Subj_104_part_86,test,ok,30
test_asd_Subj_104_part_87,test,ok,30
test_asd_Subj_104_part_88,test,ok,30
test_asd_Subj_104_part_89,test,ok,30
test_asd_Subj_104_part_9,test,ok,30
test_asd_Subj_104_part_90,test,ok,30
test_asd_Subj_104_part_91,test,ok,30
test_asd_Subj_104_part_92,test,ok,30
test_asd_Subj_104_part_93,test,ok,30
test_asd_Subj_104_part_94,test,ok,30
test_asd_Subj_104_part_95,test,ok,30
test_asd_Subj_104_part_96,test,ok,30
test_asd_Subj_104_part_97,test,ok,30
test_asd_Subj_104_part_98,test,ok,30
test_asd_Subj_104_part_99,test,ok,30
test_td_Subj_121_part_1,test,ok,30
test_td_Subj_121_part_10,test,ok,30
test_td_Subj_121_part_100,test,ok,30
test_td_Subj_121_part_101,test,ok,30
test_td_Subj_121_part_102,test,ok,30
test_td_Subj_121_part_103,test,ok,30
test_td_Subj_121_part_104,test,ok,30
test_td_Subj_121_part_105,test,ok,30
test_td_Subj_121_part_106,test,ok,30
test_td_Subj_121_part_107,test,ok,30
test_td_Subj_121_part_108,test,ok,30
test_td_Subj_121_part_109,test,ok,30
test_td_Subj_121_part_11,test,ok,30
test_td_Subj_121_part_110,test,ok,30
test_td_Subj_121_part_111,test,ok,30
test_td_Subj_121_part_112,test,ok,30
test_td_Subj_121_part_113,test,ok,30
test_td_Subj_121_part_114,test,ok,30
test_td_Subj_121_part_115,test,ok,30
test_td_Subj_121_part_116,test,ok,30
test_td_Subj_121_part_117,test,ok,30
test_td_Subj_121_part_118,test,ok,30
test_td_Subj_121_part_119,test,ok,30
test_td_Subj_121_part_12,test,ok,30
test_td_Subj_121_part_120,test,ok,30
test_td_Subj_121_part_121,test,ok,30
test_td_Subj_121_part_13,test,ok,30
test_td_Subj_121_part_14,test,ok,30
test_td_Subj_121_part_15,test,ok,30
test_td_Subj_121_part_16,test,ok,30
test_td_Subj_121_part_17,test,ok,30
test_td_Subj_121_part_18,test,ok,30
test_td_Subj_121_part_19,test,ok,30
test_td_Subj_121_part_2,test,ok,30
test_td_Subj_121_part_20,test,ok,30
test_td_Subj_121_part_21,test,ok,30
test_td_Subj_121_part_22,test,ok,30
test_td_Subj_121_part_23,test,ok,30
test_td_Subj_121_part_24,test,ok,30
test_td_Subj_121_part_25,test,ok,30
test_td_Subj_121_part_26,test,ok,30
test_td_Subj_121_part_27,test,ok,30
test_td_Subj_121_part_28,test,ok,30
test_td_Subj_121_part_29,test,ok,30
test_td_Subj_121_part_3,test,ok,30
test_td_Subj_121_part_30,test,ok,30
test_td_Subj_121_part_31,test,ok,30
test_td_Subj_121_part_32,test,ok,30
test_td_Subj_121_part_33,test,ok,30
test_td_Subj_121_part_34,test,ok,30
test_td_Subj_121_part_35,test,ok,30
test_td_Subj_121_part_36,test,ok,30
test_td_Subj_121_part_37,test,ok,30
test_td_Subj_121_part_38,test,ok,30
test_td_Subj_121_part_39,test,ok,30
test_td_Subj_121_part_4,test,ok,30
test_td_Subj_121_part_40,test,ok,30
test_td_Subj_121_part_41,test,ok,30
test_td_Subj_121_part_42,test,ok,30
test_td_Subj_121_part_43,test,ok,30
test_td_Subj_121_part_44,test,ok,30
test_td_Subj_121_part_45,test,ok,30
test_td_Subj_121_part_46,test,ok,30
test_td_Subj_121_part_47,test,ok,30
test_td_Subj_121_part_48,test,ok,30
test_td_Subj_121_part_49,test,ok,30
test_td_Subj_121_part_5,test,ok,30
test_td_Subj_121_part_50,test,ok,30
test_td_Subj_121_part_51,test,ok,30
test_td_Subj_121_part_52,test,ok,30
test_td_Subj_121_part_53,test,ok,30
test_td_Subj_121_part_54,test,ok,30
test_td_Subj_121_part_55,test,ok,30
test_td_Subj_121_part_56,test,ok,30
test_td_Subj_121_part_57,test,ok,30
test_td_Subj_121_part_58,test,ok,30
test_td_Subj_121_part_59,test,ok,30
test_td_Subj_121_part_6,test,ok,30
test_td_Subj_121_part_60,test,ok,30
test_td_Subj_121_part_62,test,ok,30
test_td_Subj_121_part_63,test,ok,30
test_td_Subj_121_part_64,test,ok,30
test_td_Subj_121_part_65,test,ok,30
test_td_Subj_121_part_66,test,ok,30
test_td_Subj_121_part_67,test,ok,30
test_td_Subj_121_part_68,test,ok,30
test_td_Subj_121_part_69,test,ok,30
test_td_Subj_121_part_7,test,ok,30
test_td_Subj_121_part_70,test,ok,30
test_td_Subj_121_part_71,test,ok,30
test_td_Subj_121_part_72,test,ok,30
test_td_Subj_121_part_73,test,ok,30
test_td_Subj_121_part_74,test,ok,30
test_td_Subj_121_part_75,test,ok,30
test_td_Subj_121_part_77,test,ok,30
test_td_Subj_121_part_78,test,ok,30
test_td_Subj_121_part_79,test,ok,30
test_td_Subj_121_part_8,test,ok,30
test_td_Subj_121_part_80,test,ok,30
test_td_Subj_121_part_81,test,ok,30
test_td_Subj_121_part_82,test,ok,30
test_td_Subj_121_part_83,test,ok,30
test_td_Subj_121_part_84,test,ok,30
test_td_Subj_121_part_85,test,ok,30
test_td_Subj_121_part_89,test,ok,30
test_td_Subj_121_part_9,test,ok,30
test_td_Subj_121_part_90,test,ok,30
test_td_Subj_121_part_91,test,ok,30
test_td_Subj_121_part_92,test,ok,30
test_td_Subj_121_part_93,test,ok,30
test_td_Subj_121_part_94,test,ok,30
test_td_Subj_121_part_95,test,ok,30
test_td_Subj_121_part_96,test,ok,30
test_td_Subj_121_part_97,test,ok,30
test_td_Subj_121_part_98,test,ok,30
test_td_Subj_121_part_99,test,ok,30
test_td_Subj_122_part_1,test,ok,30
test_td_Subj_122_part_10,test,ok,30
test_td_Subj_122_part_100,test,ok,30
test_td_Subj_122_part_101,test,ok,30
test_td_Subj_122_part_102,test,ok,30
test_td_Subj_122_part_103,test,ok,30
test_td_Subj_122_part_104,test,ok,30
test_td_Subj_122_part_105,test,ok,30
test_td_Subj_122_part_106,test,ok,30
test_td_Subj_122_part_107,test,ok,30
test_td_Subj_122_part_108,test,ok,30
test_td_Subj_122_part_109,test,ok,30
test_td_Subj_122_part_11,test,ok,30
test_td_Subj_122_part_110,test,ok,30
test_td_Subj_122_part_111,test,ok,30
test_td_Subj_122_part_112,test,ok,30
test_td_Subj_122_part_113,test,ok,30
test_td_Subj_122_part_114,test,ok,30
test_td_Subj_122_part_115,test,ok,30
test_td_Subj_122_part_116,test,ok,30
test_td_Subj_122_part_117,test,ok,30
test_td_Subj_122_part_118,test,ok,30
test_td_Subj_122_part_119,test,ok,30
test_td_Subj_122_part_12,test,ok,30
test_td_Subj_122_part_120,test,ok,30
test_td_Subj_122_part_121,test,ok,30
test_td_Subj_122_part_13,test,ok,30
test_td_Subj_122_part_14,test,ok,30
test_td_Subj_122_part_15,test,ok,30
test_td_Subj_122_part_16,test,ok,30
test_td_Subj_122_part_17,test,ok,30
test_td_Subj_122_part_18,test,ok,30
test_td_Subj_122_part_19,test,ok,30
test_td_Subj_122_part_2,test,ok,30
test_td_Subj_122_part_20,test,ok,30
test_td_Subj_122_part_21,test,ok,30
test_td_Subj_122_part_22,test,ok,30
test_td_Subj_122_part_23,test,ok,30
test_td_Subj_122_part_24,test,ok,30
test_td_Subj_122_part_25,test,ok,30
test_td_Subj_122_part_26,test,ok,30
test_td_Subj_122_part_27,test,ok,30
test_td_Subj_122_part_28,test,ok,30
test_td_Subj_122_part_29,test,ok,30
test_td_Subj_122_part_3,test,ok,30
test_td_Subj_122_part_30,test,ok,30
test_td_Subj_122_part_31,test,ok,30
test_td_Subj_122_part_32,test,ok,30
test_td_Subj_122_part_33,test,ok,30
test_td_Subj_122_part_34,test,ok,30
test_td_Subj_122_part_35,test,ok,30
test_td_Subj_122_part_36,test,ok,30
test_td_Subj_122_part_37,test,ok,30
test_td_Subj_122_part_38,test,ok,30
test_td_Subj_122_part_39,test,ok,30
test_td_Subj_122_part_4,test,ok,30
test_td_Subj_122_part_40,test,ok,30
test_td_Subj_122_part_41,test,ok,30
test_td_Subj_122_part_42,test,ok,30
test_td_Subj_122_part_43,test,ok,30
test_td_Subj_122_part_44,test,ok,30
test_td_Subj_122_part_45,test,ok,30
test_td_Subj_122_part_46,test,ok,30
test_td_Subj_122_part_47,test,ok,30
test_td_Subj_122_part_48,test,ok,30
test_td_Subj_122_part_49,test,ok,30
test_td_Subj_122_part_5,test,ok,30
test_td_Subj_122_part_50,test,ok,30
test_td_Subj_122_part_51,test,ok,30
test_td_Subj_122_part_52,test,ok,30
test_td_Subj_122_part_53,test,ok,30
test_td_Subj_122_part_54,test,ok,30
test_td_Subj_122_part_55,test,ok,30
test_td_Subj_122_part_56,test,ok,30
test_td_Subj_122_part_57,test,ok,30
test_td_Subj_122_part_6,test,ok,30
test_td_Subj_122_part_60,test,ok,30
test_td_Subj_122_part_61,test,ok,30
test_td_Subj_122_part_62,test,ok,30
test_td_Subj_122_part_63,test,ok,30
test_td_Subj_122_part_64,test,ok,30
test_td_Subj_122_part_65,test,ok,30
test_td_Subj_122_part_66,test,ok,30
test_td_Subj_122_part_67,test,ok,30
test_td_Subj_122_part_68,test,ok,30
test_td_Subj_122_part_69,test,ok,30
test_td_Subj_122_part_7,test,ok,30
test_td_Subj_122_part_70,test,ok,30
test_td_Subj_122_part_71,test,ok,30
test_td_Subj_122_part_72,test,ok,30
test_td_Subj_122_part_73,test,ok,30
test_td_Subj_122_part_74,test,ok,30
test_td_Subj_122_part_75,test,ok,30
test_td_Subj_122_part_76,test,ok,30
test_td_Subj_122_part_77,test,ok,30
test_td_Subj_122_part_78,test,ok,30
test_td_Subj_122_part_79,test,ok,30
test_td_Subj_122_part_8,test,ok,30
test_td_Subj_122_part_80,test,ok,30
test_td_Subj_122_part_81,test,ok,30
test_td_Subj_122_part_82,test,ok,30
test_td_Subj_122_part_83,test,ok,30
test_td_Subj_122_part_84,test,ok,30
test_td_Subj_122_part_85,test,ok,30
test_td_Subj_122_part_86,test,ok,30
test_td_Subj_122_part_87,test,ok,30
test_td_Subj_122_part_88,test,ok,30
test_td_Subj_122_part_89,test,ok,30
test_td_Subj_122_part_9,test,ok,30
test_td_Subj_122_part_90,test,ok,30
test_td_Subj_122_part_91,test,ok,30
test_td_Subj_122_part_92,test,ok,30
test_td_Subj_122_part_93,test,ok,30
test_td_Subj_122_part_94,test,ok,30
test_td_Subj_122_part_95,test,ok,30
test_td_Subj_122_part_96,test,ok,30
test_td_Subj_122_part_97,test,ok,30
test_td_Subj_122_part_98,test,ok,30
test_td_Subj_122_part_99,test,ok,30
test_td_Subj_123_part_1,test,ok,30
test_td_Subj_123_part_10,test,ok,30
test_td_Subj_123_part_100,test,ok,30
test_td_Subj_123_part_101,test,ok,30
test_td_Subj_123_part_102,test,ok,30
test_td_Subj_123_part_103,test,ok,30
test_td_Subj_123_part_104,test,ok,30
test_td_Subj_123_part_105,test,ok,30
test_td_Subj_123_part_107,test,ok,30
test_td_Subj_123_part_108,test,ok,30
test_td_Subj_123_part_109,test,ok,30
test_td_Subj_123_part_11,test,ok,30
test_td_Subj_123_part_110,test,ok,30
test_td_Subj_123_part_111,test,ok,30
test_td_Subj_123_part_112,test,ok,30
test_td_Subj_123_part_113,test,ok,30
test_td_Subj_123_part_114,test,ok,30
test_td_Subj_123_part_115,test,ok,30
test_td_Subj_123_part_116,test,ok,30
test_td_Subj_123_part_117,test,ok,30
test_td_Subj_123_part_118,test,ok,30
test_td_Subj_123_part_119,test,ok,30
test_td_Subj_123_part_12,test,ok,30
test_td_Subj_123_part_120,test,ok,30
test_td_Subj_123_part_121,test,ok,30
test_td_Subj_123_part_13,test,ok,30
test_td_Subj_123_part_14,test,ok,30
test_td_Subj_123_part_15,test,ok,30
test_td_Subj_123_part_16,test,ok,30
test_td_Subj_123_part_17,test,ok,30
test_td_Subj_123_part_18,test,ok,30
test_td_Subj_123_part_19,test,ok,30
test_td_Subj_123_part_2,test,ok,30
test_td_Subj_123_part_20,test,ok,30
test_td_Subj_123_part_21,test,ok,30
test_td_Subj_123_part_22,test,ok,30
test_td_Subj_123_part_23,test,ok,30
test_td_Subj_123_part_24,test,ok,30
test_td_Subj_123_part_25,test,ok,30
test_td_Subj_123_part_26,test,ok,30
test_td_Subj_123_part_27,test,ok,30
test_td_Subj_123_part_28,test,ok,30
test_td_Subj_123_part_29,test,ok,30
test_td_Subj_123_part_3,test,ok,30
test_td_Subj_123_part_30,test,ok,30
test_td_Subj_123_part_31,test,ok,30
test_td_Subj_123_part_32,test,ok,30
test_td_Subj_123_part_33,test,ok,30
test_td_Subj_123_part_34,test,ok,30
test_td_Subj_123_part_35,test,ok,30
test_td_Subj_123_part_36,test,ok,30
test_td_Subj_123_part_37,test,ok,30
test_td_Subj_123_part_38,test,ok,30
test_td_Subj_123_part_39,test,ok,30
test_td_Subj_123_part_4,test,ok,30
test_td_Subj_123_part_40,test,ok,30
test_td_Subj_123_part_41,test,ok,30
test_td_Subj_123_part_42,test,ok,30
test_td_Subj_123_part_43,test,ok,30
test_td_Subj_123_part_44,test,ok,30
test_td_Subj_123_part_45,test,ok,30
test_td_Subj_123_part_46,test,ok,30
test_td_Subj_123_part_47,test,ok,30
test_td_Subj_123_part_48,test,ok,30
test_td_Subj_123_part_49,test,ok,30
test_td_Subj_123_part_5,test,ok,30
test_td_Subj_123_part_50,test,ok,30
test_td_Subj_123_part_51,test,ok,30
test_td_Subj_123_part_52,test,ok,30
test_td_Subj_123_part_53,test,ok,30
test_td_Subj_123_part_54,test,ok,30
test_td_Subj_123_part_55,test,ok,30
test_td_Subj_123_part_56,test,ok,30
test_td_Subj_123_part_57,test,ok,30
test_td_Subj_123_part_58,test,ok,30
test_td_Subj_123_part_59,test,ok,30
test_td_Subj_123_part_60,test,ok,30
test_td_Subj_123_part_61,test,ok,30
test_td_Subj_123_part_62,test,ok,30
test_td_Subj_123_part_63,test,ok,30
test_td_Subj_123_part_64,test,ok,30
test_td_Subj_123_part_65,test,ok,30
test_td_Subj_123_part_66,test,ok,30
test_td_Subj_123_part_67,test,ok,30
test_td_Subj_123_part_68,test,ok,30
test_td_Subj_123_part_69,test,ok,30
test_td_Subj_123_part_7,test,ok,30
test_td_Subj_123_part_70,test,ok,30
test_td_Subj_123_part_71,test,ok,30
test_td_Subj_123_part_72,test,ok,30
test_td_Subj_123_part_73,test,ok,30
test_td_Subj_123_part_74,test,ok,30
test_td_Subj_123_part_75,test,ok,30
test_td_Subj_123_part_76,test,ok,30
test_td_Subj_123_part_77,test,ok,30
test_td_Subj_123_part_78,test,ok,30
test_td_Subj_123_part_79,test,ok,30
test_td_Subj_123_part_8,test,ok,30
test_td_Subj_123_part_80,test,ok,30
test_td_Subj_123_part_81,test,ok,30
test_td_Subj_123_part_82,test,ok,30
test_td_Subj_123_part_83,test,ok,30
test_td_Subj_123_part_84,test,ok,30
test_td_Subj_123_part_85,test,ok,30
test_td_Subj_123_part_86,test,ok,30
test_td_Subj_123_part_87,test,ok,30
test_td_Subj_123_part_88,test,ok,30
test_td_Subj_123_part_89,test,ok,30
test_td_Subj_123_part_9,test,ok,30
test_td_Subj_123_part_90,test,ok,30
test_td_Subj_123_part_91,test,ok,30
test_td_Subj_123_part_92,test,ok,30
test_td_Subj_123_part_93,test,ok,30
test_td_Subj_123_part_94,test,ok,30
test_td_Subj_123_part_95,test,ok,30
test_td_Subj_123_part_96,test,ok,30
test_td_Subj_123_part_97,test,ok,30
test_td_Subj_123_part_98,test,ok,30
test_td_Subj_123_part_99,test,ok,30
test_td_Subj_124_part_1,test,ok,30
test_td_Subj_124_part_10,test,ok,30
test_td_Subj_124_part_100,test,ok,30
test_td_Subj_124_part_101,test,ok,30
test_td_Subj_124_part_102,test,ok,30
test_td_Subj_124_part_103,test,ok,30
test_td_Subj_124_part_104,test,ok,30
test_td_Subj_124_part_105,test,ok,30
test_td_Subj_124_part_106,test,ok,30
test_td_Subj_124_part_107,test,ok,30
test_td_Subj_124_part_108,test,ok,30
test_td_Subj_124_part_109,test,ok,30
test_td_Subj_124_part_11,test,ok,30
test_td_Subj_124_part_110,test,ok,30
test_td_Subj_124_part_111,test,ok,30
test_td_Subj_124_part_112,test,ok,30
test_td_Subj_124_part_113,test,ok,30
test_td_Subj_124_part_114,test,ok,30
test_td_Subj_124_part_115,test,ok,30
test_td_Subj_124_part_116,test,ok,30
test_td_Subj_124_part_117,test,ok,30
test_td_Subj_124_part_118,test,ok,30
test_td_Subj_124_part_119,test,ok,30
test_td_Subj_124_part_12,test,ok,30
test_td_Subj_124_part_120,test,ok,30
test_td_Subj_124_part_121,test,ok,30
test_td_Subj_124_part_13,test,ok,30
test_td_Subj_124_part_14,test,ok,30
test_td_Subj_124_part_15,test,ok,30
test_td_Subj_124_part_16,test,ok,30
test_td_Subj_124_part_17,test,ok,30
test_td_Subj_124_part_18,test,ok,30
test_td_Subj_124_part_19,test,ok,30
test_td_Subj_124_part_2,test,ok,30
test_td_Subj_124_part_20,test,ok,30
test_td_Subj_124_part_21,test,ok,30
test_td_Subj_124_part_22,test,ok,30
test_td_Subj_124_part_23,test,ok,30
test_td_Subj_124_part_24,test,ok,30
test_td_Subj_124_part_25,test,ok,30
test_td_Subj_124_part_26,test,ok,30
test_td_Subj_124_part_27,test,ok,30
test_td_Subj_124_part_28,test,ok,30
test_td_Subj_124_part_29,test,ok,30
test_td_Subj_124_part_3,test,ok,30
test_td_Subj_124_part_30,test,ok,30
test_td_Subj_124_part_31,test,ok,30
test_td_Subj_124_part_32,test,ok,30
test_td_Subj_124_part_33,test,ok,30
test_td_Subj_124_part_34,test,ok,30
test_td_Subj_124_part_35,test,ok,30
test_td_Subj_124_part_36,test,ok,30
test_td_Subj_124_part_37,test,ok,30
test_td_Subj_124_part_38,test,ok,30
test_td_Subj_124_part_39,test,ok,30
test_td_Subj_124_part_4,test,ok,30
test_td_Subj_124_part_40,test,ok,30
test_td_Subj_124_part_41,test,ok,30
test_td_Subj_124_part_42,test,ok,30
test_td_Subj_124_part_43,test,ok,30
test_td_Subj_124_part_44,test,ok,30
test_td_Subj_124_part_45,test,ok,30
test_td_Subj_124_part_46,test,ok,30
test_td_Subj_124_part_47,test,ok,30
test_td_Subj_124_part_48,test,ok,30
test_td_Subj_124_part_49,test,ok,30
test_td_Subj_124_part_5,test,ok,30
test_td_Subj_124_part_50,test,ok,30
test_td_Subj_124_part_51,test,ok,30
test_td_Subj_124_part_52,test,ok,30
test_td_Subj_124_part_53,test,ok,30
test_td_Subj_124_part_54,test,ok,30
test_td_Subj_124_part_55,test,ok,30
test_td_Subj_124_part_56,test,ok,30
test_td_Subj_124_part_57,test,ok,30
test_td_Subj_124_part_58,test,ok,30
test_td_Subj_124_part_59,test,ok,30
test_td_Subj_124_part_6,test,ok,30
test_td_Subj_124_part_60,test,ok,30
test_td_Subj_124_part_61,test,ok,30
test_td_Subj_124_part_62,test,ok,30
test_td_Subj_124_part_63,test,ok,30
test_td_Subj_124_part_64,test,ok,30
test_td_Subj_124_part_65,test,ok,30
test_td_Subj_124_part_66,test,ok,30
test_td_Subj_124_part_67,test,ok,30
test_td_Subj_124_part_68,test,ok,30
test_td_Subj_124_part_69,test,ok,30
test_td_Subj_124_part_7,test,ok,30
test_td_Subj_124_part_70,test,ok,30
test_td_Subj_124_part_71,test,ok,30
test_td_Subj_124_part_72,test,ok,30
test_td_Subj_124_part_73,test,ok,30
test_td_Subj_124_part_74,test,ok,30
test_td_Subj_124_part_75,test,ok,30
test_td_Subj_124_part_76,test,ok,30
test_td_Subj_124_part_77,test,ok,30
test_td_Subj_124_part_78,test,ok,30
test_td_Subj_124_part_79,test,ok,30
test_td_Subj_124_part_8,test,ok,30
test_td_Subj_124_part_80,test,ok,30
test_td_Subj_124_part_81,test,ok,30
test_td_Subj_124_part_82,test,ok,30
test_td_Subj_124_part_83,test,ok,30
test_td_Subj_124_part_84,test,ok,30
test_td_Subj_124_part_85,test,ok,30
test_td_Subj_124_part_86,test,ok,30
test_td_Subj_124_part_87,test,ok,30
test_td_Subj_124_part_88,test,ok,30
test_td_Subj_124_part_89,test,ok,30
test_td_Subj_124_part_9,test,ok,30
test_td_Subj_124_part_90,test,ok,30
test_td_Subj_124_part_91,test,ok,30
test_td_Subj_124_part_92,test,ok,30
test_td_Subj_124_part_93,test,ok,30
test_td_Subj_124_part_94,test,ok,30
test_td_Subj_124_part_95,test,ok,30
test_td_Subj_124_part_96,test,ok,30
test_td_Subj_124_part_97,test,ok,30
test_td_Subj_124_part_98,test,ok,30
test_td_Subj_124_part_99,test,ok,30
test_td_Subj_125_part_1,test,ok,30
test_td_Subj_125_part_10,test,ok,30
test_td_Subj_125_part_11,test,ok,30
test_td_Subj_125_part_12,test,ok,30
test_td_Subj_125_part_13,test,ok,30
test_td_Subj_125_part_14,test,ok,30
test_td_Subj_125_part_15,test,ok,30
test_td_Subj_125_part_16,test,ok,30
test_td_Subj_125_part_17,test,ok,30
test_td_Subj_125_part_18,test,ok,30
test_td_Subj_125_part_19,test,ok,30
test_td_Subj_125_part_2,test,ok,30
test_td_Subj_125_part_20,test,ok,30
test_td_Subj_125_part_21,test,ok,30
test_td_Subj_125_part_22,test,ok,30
test_td_Subj_125_part_23,test,ok,30
test_td_Subj_125_part_24,test,ok,30
test_td_Subj_125_part_25,test,ok,30
test_td_Subj_125_part_26,test,ok,30
test_td_Subj_125_part_27,test,ok,30
test_td_Subj_125_part_28,test,ok,30
test_td_Subj_125_part_29,test,ok,30
test_td_Subj_125_part_3,test,ok,30
test_td_Subj_125_part_30,test,ok,30
test_td_Subj_125_part_31,test,ok,30
test_td_Subj_125_part_32,test,ok,30
test_td_Subj_125_part_33,test,ok,30
test_td_Subj_125_part_34,test,ok,30
test_td_Subj_125_part_36,test,ok,30
test_td_Subj_125_part_37,test,ok,30
test_td_Subj_125_part_38,test,ok,30
test_td_Subj_125_part_39,test,ok,30
test_td_Subj_125_part_4,test,ok,30
test_td_Subj_125_part_40,test,ok,30
test_td_Subj_125_part_41,test,ok,30
test_td_Subj_125_part_42,test,ok,30
test_td_Subj_125_part_43,test,ok,30
test_td_Subj_125_part_44,test,ok,30
test_td_Subj_125_part_46,test,ok,30
test_td_Subj_125_part_47,test,ok,30
test_td_Subj_125_part_48,test,ok,30
test_td_Subj_125_part_49,test,ok,30
test_td_Subj_125_part_5,test,ok,30
test_td_Subj_125_part_50,test,ok,30
test_td_Subj_125_part_51,test,ok,30
test_td_Subj_125_part_6,test,ok,30
test_td_Subj_125_part_7,test,ok,30
test_td_Subj_125_part_8,test,ok,30
test_td_Subj_125_part_9,test,ok,30
