video_id,true_label,predicted_label,probability
train_asd_Subj_1_part_1,1,1,0.56884235
train_asd_Subj_1_part_10,1,1,0.57287705
train_asd_Subj_1_part_100,1,1,0.5802733
train_asd_Subj_1_part_101,1,1,0.51992065
train_asd_Subj_1_part_102,1,1,0.6264845
train_asd_Subj_1_part_103,1,1,0.63946176
train_asd_Subj_1_part_104,1,1,0.643905
train_asd_Subj_1_part_105,1,1,0.67689955
train_asd_Subj_1_part_106,1,1,0.63722914
train_asd_Subj_1_part_107,1,1,0.6554669
train_asd_Subj_1_part_108,1,1,0.62410533
train_asd_Subj_1_part_109,1,1,0.5778269
train_asd_Subj_1_part_11,1,1,0.600785
train_asd_Subj_1_part_110,1,1,0.6365843
train_asd_Subj_1_part_111,1,1,0.60411763
train_asd_Subj_1_part_112,1,1,0.6344894
train_asd_Subj_1_part_113,1,1,0.55967474
train_asd_Subj_1_part_114,1,1,0.5819823
train_asd_Subj_1_part_115,1,1,0.6091993
train_asd_Subj_1_part_116,1,1,0.64140743
train_asd_Subj_10_part_1,1,1,0.8171751
train_asd_Subj_10_part_10,1,1,0.551538
train_asd_Subj_10_part_100,1,0,0.38823277
train_asd_Subj_10_part_101,1,1,0.57524765
train_asd_Subj_10_part_102,1,1,0.53437424
train_asd_Subj_10_part_103,1,0,0.40302074
train_asd_Subj_10_part_104,1,0,0.41580826
train_asd_Subj_10_part_105,1,1,0.7499323
train_asd_Subj_10_part_106,1,0,0.42537245
train_asd_Subj_10_part_107,1,1,0.563946
train_asd_Subj_10_part_108,1,0,0.4353297
train_asd_Subj_10_part_109,1,1,0.55545753
train_asd_Subj_10_part_11,1,0,0.45484167
train_asd_Subj_10_part_110,1,1,0.5354098
train_asd_Subj_10_part_111,1,1,0.61677074
train_asd_Subj_10_part_112,1,0,0.42565775
train_asd_Subj_10_part_113,1,1,0.5952064
train_asd_Subj_10_part_114,1,1,0.5792739
train_asd_Subj_10_part_115,1,1,0.58991385
train_asd_Subj_10_part_116,1,1,0.61935055
train_asd_Subj_11_part_1,1,1,0.60651815
train_asd_Subj_11_part_10,1,0,0.48190206
train_asd_Subj_11_part_100,1,1,0.5338048
train_asd_Subj_11_part_101,1,1,0.57106817
train_asd_Subj_11_part_102,1,1,0.587735
train_asd_Subj_11_part_103,1,1,0.55311304
train_asd_Subj_11_part_104,1,1,0.6331812
train_asd_Subj_11_part_105,1,1,0.67714834
train_asd_Subj_11_part_106,1,1,0.6830076
train_asd_Subj_11_part_107,1,1,0.70144296
train_asd_Subj_11_part_108,1,1,0.59081906
train_asd_Subj_11_part_109,1,1,0.6706964
train_asd_Subj_11_part_11,1,1,0.50798965
train_asd_Subj_11_part_110,1,1,0.5213847
train_asd_Subj_11_part_111,1,1,0.7024404
train_asd_Subj_11_part_112,1,1,0.617122
train_asd_Subj_11_part_113,1,1,0.6380711
train_asd_Subj_11_part_114,1,1,0.5331853
train_asd_Subj_11_part_115,1,1,0.67715764
train_asd_Subj_11_part_116,1,1,0.55823416
train_asd_Subj_12_part_1,1,1,0.68164307
train_asd_Subj_12_part_10,1,0,0.49320206
train_asd_Subj_12_part_100,1,1,0.5446509
train_asd_Subj_12_part_101,1,1,0.7077936
train_asd_Subj_12_part_102,1,1,0.65144217
train_asd_Subj_12_part_103,1,1,0.58002
train_asd_Subj_12_part_104,1,1,0.5389127
train_asd_Subj_12_part_105,1,1,0.6261342
train_asd_Subj_12_part_106,1,0,0.4948881
train_asd_Subj_12_part_107,1,1,0.5482279
train_asd_Subj_12_part_108,1,1,0.6140301
train_asd_Subj_12_part_109,1,0,0.46840405
train_asd_Subj_12_part_11,1,1,0.57270896
train_asd_Subj_12_part_110,1,1,0.51509
train_asd_Subj_12_part_111,1,1,0.5556622
train_asd_Subj_12_part_112,1,0,0.4728695
train_asd_Subj_12_part_113,1,1,0.54269695
train_asd_Subj_12_part_114,1,0,0.47795385
train_asd_Subj_12_part_115,1,1,0.5912059
train_asd_Subj_12_part_116,1,1,0.5228026
train_asd_Subj_13_part_1,1,1,0.57036805
train_asd_Subj_13_part_10,1,1,0.66440856
train_asd_Subj_13_part_100,1,1,0.606794
train_asd_Subj_13_part_101,1,1,0.6095636
train_asd_Subj_13_part_102,1,0,0.47311357
train_asd_Subj_13_part_103,1,1,0.54892814
train_asd_Subj_13_part_104,1,1,0.50846136
train_asd_Subj_13_part_105,1,1,0.55249166
train_asd_Subj_13_part_106,1,1,0.5111381
train_asd_Subj_13_part_107,1,1,0.5417931
train_asd_Subj_13_part_108,1,1,0.61435986
train_asd_Subj_13_part_109,1,1,0.6182332
train_asd_Subj_13_part_11,1,1,0.6342213
train_asd_Subj_13_part_110,1,0,0.47958148
train_asd_Subj_13_part_111,1,1,0.5269958
train_asd_Subj_13_part_112,1,1,0.55252755
train_asd_Subj_13_part_113,1,1,0.5282805
train_asd_Subj_13_part_114,1,1,0.5521166
train_asd_Subj_13_part_115,1,1,0.547163
train_asd_Subj_13_part_116,1,1,0.57678795
train_asd_Subj_14_part_1,1,1,0.57275593
train_asd_Subj_14_part_10,1,1,0.54160154
train_asd_Subj_14_part_100,1,1,0.6333648
train_asd_Subj_14_part_101,1,1,0.65347844
train_asd_Subj_14_part_102,1,1,0.636274
train_asd_Subj_14_part_103,1,0,0.47407058
train_asd_Subj_14_part_104,1,0,0.49152094
train_asd_Subj_14_part_105,1,1,0.555491
train_asd_Subj_14_part_106,1,0,0.49227664
train_asd_Subj_14_part_107,1,1,0.5314961
train_asd_Subj_14_part_108,1,1,0.56415045
train_asd_Subj_14_part_109,1,1,0.59749293
train_asd_Subj_14_part_11,1,1,0.5760976
train_asd_Subj_14_part_110,1,1,0.5356121
train_asd_Subj_14_part_111,1,1,0.5310644
train_asd_Subj_14_part_112,1,1,0.5878099
train_asd_Subj_14_part_113,1,1,0.5546202
train_asd_Subj_14_part_114,1,0,0.3976995
train_asd_Subj_14_part_115,1,0,0.4570362
train_asd_Subj_14_part_116,1,0,0.47860265
train_asd_Subj_15_part_1,1,0,0.41935834
train_asd_Subj_15_part_10,1,1,0.6656625
train_asd_Subj_15_part_100,1,1,0.5552878
train_asd_Subj_15_part_101,1,1,0.58287597
train_asd_Subj_15_part_102,1,1,0.52659667
train_asd_Subj_15_part_103,1,1,0.527367
train_asd_Subj_15_part_104,1,0,0.4353893
train_asd_Subj_15_part_105,1,0,0.48597813
train_asd_Subj_15_part_106,1,1,0.61282694
train_asd_Subj_15_part_107,1,1,0.56111187
train_asd_Subj_15_part_108,1,1,0.5587871
train_asd_Subj_15_part_109,1,1,0.67167866
train_asd_Subj_15_part_11,1,1,0.6017369
train_asd_Subj_15_part_110,1,1,0.5956792
train_asd_Subj_15_part_111,1,1,0.5142304
train_asd_Subj_15_part_112,1,1,0.60483325
train_asd_Subj_15_part_113,1,1,0.5117649
train_asd_Subj_15_part_114,1,1,0.50848186
train_asd_Subj_15_part_115,1,1,0.5833736
train_asd_Subj_15_part_116,1,1,0.7032543
train_asd_Subj_16_part_1,1,1,0.5746095
train_asd_Subj_16_part_10,1,1,0.6043954
train_asd_Subj_16_part_100,1,1,0.6002061
train_asd_Subj_16_part_101,1,0,0.44198015
train_asd_Subj_16_part_102,1,1,0.5463381
train_asd_Subj_16_part_103,1,0,0.4938407
train_asd_Subj_16_part_104,1,1,0.60277843
train_asd_Subj_16_part_105,1,1,0.6132847
train_asd_Subj_16_part_106,1,1,0.56287813
train_asd_Subj_16_part_107,1,1,0.52656364
train_asd_Subj_16_part_108,1,1,0.5669162
train_asd_Subj_16_part_109,1,1,0.5718144
train_asd_Subj_16_part_11,1,1,0.5689442
train_asd_Subj_16_part_110,1,1,0.5375234
train_asd_Subj_16_part_111,1,1,0.5453023
train_asd_Subj_16_part_112,1,0,0.4374187
train_asd_Subj_16_part_113,1,1,0.64271975
train_asd_Subj_16_part_114,1,0,0.469331
train_asd_Subj_16_part_115,1,1,0.64701915
train_asd_Subj_16_part_116,1,1,0.5861267
train_asd_Subj_17_part_1,1,1,0.59418464
train_asd_Subj_17_part_10,1,1,0.66025805
train_asd_Subj_17_part_100,1,1,0.72059274
train_asd_Subj_17_part_101,1,1,0.62286603
train_asd_Subj_17_part_102,1,1,0.57728225
train_asd_Subj_17_part_103,1,1,0.65188074
train_asd_Subj_17_part_104,1,1,0.6539232
train_asd_Subj_17_part_105,1,1,0.65528685
train_asd_Subj_17_part_106,1,1,0.5789958
train_asd_Subj_17_part_107,1,1,0.60350955
train_asd_Subj_17_part_108,1,1,0.6117489
train_asd_Subj_17_part_109,1,1,0.66953635
train_asd_Subj_17_part_11,1,1,0.75201404
train_asd_Subj_17_part_110,1,1,0.6066958
train_asd_Subj_17_part_111,1,1,0.6625117
train_asd_Subj_17_part_112,1,1,0.6479566
train_asd_Subj_17_part_113,1,1,0.52272576
train_asd_Subj_17_part_114,1,1,0.50177205
train_asd_Subj_17_part_115,1,1,0.6495562
train_asd_Subj_17_part_116,1,1,0.72082484
train_asd_Subj_18_part_1,1,1,0.59116906
train_asd_Subj_18_part_10,1,0,0.48644087
train_asd_Subj_18_part_100,1,1,0.5619124
train_asd_Subj_18_part_101,1,1,0.5534936
train_asd_Subj_18_part_102,1,1,0.56599224
train_asd_Subj_18_part_103,1,1,0.6067509
train_asd_Subj_18_part_104,1,1,0.5238234
train_asd_Subj_18_part_105,1,1,0.5591387
train_asd_Subj_18_part_106,1,1,0.51652014
train_asd_Subj_18_part_107,1,0,0.4266891
train_asd_Subj_18_part_108,1,0,0.39981443
train_asd_Subj_18_part_109,1,1,0.5617157
train_asd_Subj_18_part_11,1,1,0.5656893
train_asd_Subj_18_part_110,1,1,0.53748024
train_asd_Subj_18_part_111,1,1,0.731524
train_asd_Subj_18_part_112,1,1,0.59903383
train_asd_Subj_18_part_113,1,1,0.6583029
train_asd_Subj_18_part_114,1,1,0.6174708
train_asd_Subj_18_part_115,1,1,0.5679621
train_asd_Subj_18_part_116,1,0,0.38638943
train_asd_Subj_19_part_1,1,1,0.6619201
train_asd_Subj_19_part_10,1,1,0.5410053
train_asd_Subj_19_part_100,1,1,0.50094235
train_asd_Subj_19_part_101,1,1,0.5240685
train_asd_Subj_19_part_102,1,1,0.6130155
train_asd_Subj_19_part_103,1,0,0.3785971
train_asd_Subj_19_part_104,1,1,0.6822399
train_asd_Subj_19_part_105,1,1,0.50851756
train_asd_Subj_19_part_106,1,0,0.4763853
train_asd_Subj_19_part_107,1,0,0.42097035
train_asd_Subj_19_part_108,1,0,0.42138612
train_asd_Subj_19_part_109,1,1,0.52983075
train_asd_Subj_19_part_11,1,1,0.5046375
train_asd_Subj_19_part_110,1,0,0.4189676
train_asd_Subj_19_part_111,1,1,0.63192445
train_asd_Subj_19_part_112,1,1,0.63294077
train_asd_Subj_19_part_113,1,1,0.58078575
train_asd_Subj_19_part_114,1,1,0.6026893
train_asd_Subj_19_part_115,1,1,0.5245687
train_asd_Subj_19_part_116,1,1,0.59497285
train_asd_Subj_2_part_1,1,0,0.4267611
train_asd_Subj_2_part_10,1,1,0.5554408
train_asd_Subj_2_part_100,1,1,0.65428805
train_asd_Subj_2_part_101,1,1,0.6060587
train_asd_Subj_2_part_102,1,1,0.5459869
train_asd_Subj_2_part_103,1,1,0.5226463
train_asd_Subj_2_part_104,1,1,0.653674
train_asd_Subj_2_part_105,1,1,0.62619925
train_asd_Subj_2_part_106,1,1,0.57630116
train_asd_Subj_2_part_107,1,0,0.43972805
train_asd_Subj_2_part_108,1,0,0.46686462
train_asd_Subj_2_part_109,1,1,0.50812125
train_asd_Subj_2_part_110,1,1,0.5407387
train_asd_Subj_2_part_111,1,1,0.5627362
train_asd_Subj_2_part_112,1,0,0.48163357
train_asd_Subj_2_part_113,1,1,0.5645223
train_asd_Subj_2_part_114,1,1,0.5516631
train_asd_Subj_2_part_115,1,0,0.49926555
train_asd_Subj_2_part_116,1,1,0.6028042
train_asd_Subj_2_part_117,1,1,0.588557
train_asd_Subj_20_part_1,1,0,0.4679252
train_asd_Subj_20_part_10,1,1,0.72121656
train_asd_Subj_20_part_100,1,0,0.49724355
train_asd_Subj_20_part_101,1,1,0.56315684
train_asd_Subj_20_part_102,1,1,0.5036491
train_asd_Subj_20_part_103,1,1,0.57391894
train_asd_Subj_20_part_104,1,1,0.60927284
train_asd_Subj_20_part_105,1,1,0.50290984
train_asd_Subj_20_part_106,1,1,0.5840926
train_asd_Subj_20_part_107,1,1,0.62156284
train_asd_Subj_20_part_108,1,1,0.618574
train_asd_Subj_20_part_109,1,1,0.5341518
train_asd_Subj_20_part_11,1,1,0.50043297
train_asd_Subj_20_part_110,1,1,0.5100894
train_asd_Subj_20_part_111,1,1,0.5716706
train_asd_Subj_20_part_112,1,1,0.5676281
train_asd_Subj_20_part_113,1,1,0.645882
train_asd_Subj_20_part_114,1,1,0.5942733
train_asd_Subj_20_part_115,1,0,0.4921112
train_asd_Subj_20_part_116,1,1,0.5106319
train_asd_Subj_21_part_1,1,1,0.5482199
train_asd_Subj_21_part_10,1,0,0.33734787
train_asd_Subj_21_part_100,1,1,0.5355178
train_asd_Subj_21_part_101,1,1,0.5974518
train_asd_Subj_21_part_102,1,1,0.6222392
train_asd_Subj_21_part_103,1,0,0.43398452
train_asd_Subj_21_part_104,1,0,0.44729298
train_asd_Subj_21_part_105,1,1,0.5749876
train_asd_Subj_21_part_106,1,0,0.49746767
train_asd_Subj_21_part_107,1,1,0.6170623
train_asd_Subj_21_part_108,1,1,0.55496323
train_asd_Subj_21_part_109,1,1,0.5213076
train_asd_Subj_21_part_11,1,1,0.5418258
train_asd_Subj_21_part_110,1,1,0.5844505
train_asd_Subj_21_part_111,1,1,0.63036877
train_asd_Subj_21_part_112,1,1,0.64958453
train_asd_Subj_21_part_113,1,0,0.42299724
train_asd_Subj_21_part_114,1,0,0.49669796
train_asd_Subj_21_part_115,1,1,0.753029
train_asd_Subj_21_part_116,1,1,0.53022134
train_asd_Subj_22_part_1,1,1,0.53838253
train_asd_Subj_22_part_10,1,1,0.5294957
train_asd_Subj_22_part_100,1,1,0.5288639
train_asd_Subj_22_part_101,1,1,0.5523621
train_asd_Subj_22_part_102,1,0,0.4808471
train_asd_Subj_22_part_103,1,1,0.6110389
train_asd_Subj_22_part_104,1,1,0.5038067
train_asd_Subj_22_part_105,1,1,0.5045644
train_asd_Subj_22_part_106,1,1,0.53079003
train_asd_Subj_22_part_107,1,0,0.47136325
train_asd_Subj_22_part_108,1,1,0.5271579
train_asd_Subj_22_part_109,1,1,0.56306064
train_asd_Subj_22_part_11,1,0,0.44460684
train_asd_Subj_22_part_110,1,1,0.5085409
train_asd_Subj_22_part_111,1,1,0.61528814
train_asd_Subj_22_part_112,1,1,0.6113409
train_asd_Subj_22_part_113,1,0,0.4786936
train_asd_Subj_22_part_114,1,1,0.5936056
train_asd_Subj_22_part_115,1,1,0.5920626
train_asd_Subj_22_part_116,1,1,0.554811
train_asd_Subj_23_part_1,1,1,0.5736691
train_asd_Subj_23_part_10,1,1,0.5894116
train_asd_Subj_23_part_100,1,0,0.4994832
train_asd_Subj_23_part_101,1,1,0.51064324
train_asd_Subj_23_part_102,1,0,0.49164835
train_asd_Subj_23_part_103,1,1,0.5537297
train_asd_Subj_23_part_104,1,0,0.4809645
train_asd_Subj_23_part_105,1,0,0.44402647
train_asd_Subj_23_part_106,1,0,0.40414652
train_asd_Subj_23_part_107,1,0,0.43472654
train_asd_Subj_23_part_108,1,1,0.57286084
train_asd_Subj_23_part_109,1,0,0.4406244
train_asd_Subj_23_part_11,1,1,0.6128839
train_asd_Subj_23_part_110,1,0,0.40842545
train_asd_Subj_23_part_111,1,0,0.45451605
train_asd_Subj_23_part_112,1,0,0.40861616
train_asd_Subj_23_part_113,1,0,0.37056684
train_asd_Subj_23_part_114,1,0,0.39643618
train_asd_Subj_23_part_115,1,0,0.33901668
train_asd_Subj_23_part_116,1,0,0.3669416
train_asd_Subj_24_part_1,1,1,0.5098327
train_asd_Subj_24_part_10,1,1,0.5003551
train_asd_Subj_24_part_100,1,1,0.65271485
train_asd_Subj_24_part_101,1,1,0.61313176
train_asd_Subj_24_part_102,1,1,0.50198215
train_asd_Subj_24_part_103,1,0,0.4749495
train_asd_Subj_24_part_104,1,1,0.5348431
train_asd_Subj_24_part_105,1,1,0.59649265
train_asd_Subj_24_part_106,1,0,0.49103963
train_asd_Subj_24_part_107,1,1,0.5268921
train_asd_Subj_24_part_108,1,1,0.65972614
train_asd_Subj_24_part_109,1,1,0.57841766
train_asd_Subj_24_part_11,1,1,0.6088772
train_asd_Subj_24_part_110,1,0,0.49910203
train_asd_Subj_24_part_111,1,1,0.5484054
train_asd_Subj_24_part_112,1,1,0.5198616
train_asd_Subj_24_part_113,1,1,0.5035658
train_asd_Subj_24_part_114,1,0,0.49085966
train_asd_Subj_24_part_115,1,1,0.5863808
train_asd_Subj_24_part_116,1,1,0.57798874
train_asd_Subj_25_part_1,1,0,0.49678674
train_asd_Subj_25_part_10,1,1,0.6402762
train_asd_Subj_25_part_100,1,1,0.59783113
train_asd_Subj_25_part_101,1,1,0.5417309
train_asd_Subj_25_part_102,1,1,0.50477475
train_asd_Subj_25_part_103,1,1,0.55863833
train_asd_Subj_25_part_104,1,1,0.5441121
train_asd_Subj_25_part_105,1,1,0.5442245
train_asd_Subj_25_part_106,1,0,0.42685398
train_asd_Subj_25_part_107,1,1,0.6045971
train_asd_Subj_25_part_108,1,1,0.593787
train_asd_Subj_25_part_109,1,0,0.4116726
train_asd_Subj_25_part_11,1,1,0.5829382
train_asd_Subj_25_part_110,1,1,0.5318388
train_asd_Subj_25_part_111,1,1,0.57643783
train_asd_Subj_25_part_112,1,1,0.6370492
train_asd_Subj_25_part_113,1,1,0.61280465
train_asd_Subj_25_part_114,1,1,0.58407784
train_asd_Subj_25_part_115,1,1,0.59893286
train_asd_Subj_25_part_116,1,0,0.44610637
train_asd_Subj_26_part_1,1,0,0.4640664
train_asd_Subj_26_part_10,1,1,0.6312815
train_asd_Subj_26_part_100,1,1,0.5656754
train_asd_Subj_26_part_101,1,1,0.62316525
train_asd_Subj_26_part_102,1,1,0.6056391
train_asd_Subj_26_part_103,1,1,0.5201012
train_asd_Subj_26_part_104,1,1,0.68449557
train_asd_Subj_26_part_105,1,1,0.53226423
train_asd_Subj_26_part_106,1,1,0.6814363
train_asd_Subj_26_part_107,1,1,0.6559931
train_asd_Subj_26_part_108,1,0,0.49226466
train_asd_Subj_26_part_109,1,1,0.54793787
train_asd_Subj_26_part_11,1,1,0.6610037
train_asd_Subj_26_part_110,1,1,0.61149263
train_asd_Subj_26_part_111,1,1,0.6213807
train_asd_Subj_26_part_112,1,1,0.5148109
train_asd_Subj_26_part_113,1,1,0.74825096
train_asd_Subj_26_part_114,1,1,0.601303
train_asd_Subj_26_part_115,1,1,0.587674
train_asd_Subj_26_part_116,1,1,0.65166473
train_asd_Subj_27_part_1,1,0,0.42296252
train_asd_Subj_27_part_10,1,1,0.5546484
train_asd_Subj_27_part_100,1,1,0.72144175
train_asd_Subj_27_part_101,1,1,0.62124985
train_asd_Subj_27_part_102,1,1,0.55361235
train_asd_Subj_27_part_103,1,1,0.6472228
train_asd_Subj_27_part_104,1,0,0.4538867
train_asd_Subj_27_part_105,1,0,0.46570975
train_asd_Subj_27_part_106,1,1,0.55103695
train_asd_Subj_27_part_107,1,1,0.6430928
train_asd_Subj_27_part_108,1,1,0.6271727
train_asd_Subj_27_part_109,1,1,0.5985316
train_asd_Subj_27_part_11,1,0,0.4186267
train_asd_Subj_27_part_110,1,1,0.5837432
train_asd_Subj_27_part_111,1,1,0.52340066
train_asd_Subj_27_part_112,1,1,0.6386521
train_asd_Subj_27_part_113,1,1,0.56546164
train_asd_Subj_27_part_114,1,1,0.5788643
train_asd_Subj_27_part_115,1,0,0.4332647
train_asd_Subj_27_part_116,1,1,0.5544771
train_asd_Subj_28_part_1,1,0,0.47623533
train_asd_Subj_28_part_10,1,0,0.41953573
train_asd_Subj_28_part_100,1,1,0.5263144
train_asd_Subj_28_part_101,1,1,0.5550137
train_asd_Subj_28_part_102,1,1,0.5428475
train_asd_Subj_28_part_103,1,1,0.5221672
train_asd_Subj_28_part_104,1,1,0.63052225
train_asd_Subj_28_part_105,1,1,0.5665053
train_asd_Subj_28_part_106,1,1,0.5616509
train_asd_Subj_28_part_107,1,1,0.5600536
train_asd_Subj_28_part_108,1,1,0.6238308
train_asd_Subj_28_part_109,1,1,0.5479497
train_asd_Subj_28_part_11,1,1,0.5088929
train_asd_Subj_28_part_110,1,1,0.5386572
train_asd_Subj_28_part_111,1,1,0.62158865
train_asd_Subj_28_part_112,1,1,0.63638276
train_asd_Subj_28_part_113,1,1,0.5043533
train_asd_Subj_28_part_114,1,1,0.62078255
train_asd_Subj_28_part_115,1,1,0.5102799
train_asd_Subj_28_part_116,1,1,0.56264865
train_asd_Subj_29_part_1,1,0,0.47566143
train_asd_Subj_29_part_10,1,0,0.4903021
train_asd_Subj_29_part_100,1,1,0.53624064
train_asd_Subj_29_part_101,1,1,0.56501997
train_asd_Subj_29_part_102,1,1,0.61826444
train_asd_Subj_29_part_103,1,0,0.48529863
train_asd_Subj_29_part_104,1,1,0.51915205
train_asd_Subj_29_part_105,1,1,0.6338879
train_asd_Subj_29_part_106,1,0,0.46696103
train_asd_Subj_29_part_107,1,1,0.6581801
train_asd_Subj_29_part_108,1,1,0.56073326
train_asd_Subj_29_part_109,1,1,0.5734154
train_asd_Subj_29_part_11,1,1,0.5450871
train_asd_Subj_29_part_110,1,1,0.51771843
train_asd_Subj_29_part_111,1,1,0.5287795
train_asd_Subj_29_part_112,1,1,0.5013906
train_asd_Subj_29_part_113,1,1,0.5882118
train_asd_Subj_29_part_114,1,1,0.5835743
train_asd_Subj_29_part_115,1,0,0.467427
train_asd_Subj_29_part_116,1,0,0.43243834
train_asd_Subj_3_part_1,1,1,0.51751
train_asd_Subj_3_part_10,1,1,0.5706935
train_asd_Subj_3_part_100,1,1,0.6070343
train_asd_Subj_3_part_101,1,1,0.5035968
train_asd_Subj_3_part_102,1,1,0.50677884
train_asd_Subj_3_part_103,1,1,0.5825449
train_asd_Subj_3_part_104,1,0,0.49423394
train_asd_Subj_3_part_105,1,1,0.5205749
train_asd_Subj_3_part_106,1,1,0.5943978
train_asd_Subj_3_part_107,1,1,0.6205361
train_asd_Subj_3_part_108,1,1,0.59661674
train_asd_Subj_3_part_109,1,1,0.571594
train_asd_Subj_3_part_11,1,1,0.5193514
train_asd_Subj_3_part_110,1,1,0.6286235
train_asd_Subj_3_part_111,1,1,0.6202514
train_asd_Subj_3_part_112,1,0,0.40466955
train_asd_Subj_3_part_113,1,0,0.45313612
train_asd_Subj_3_part_114,1,1,0.6225272
train_asd_Subj_3_part_115,1,1,0.51554406
train_asd_Subj_3_part_116,1,0,0.49780828
train_asd_Subj_30_part_1,1,1,0.6160487
train_asd_Subj_30_part_10,1,1,0.57186514
train_asd_Subj_30_part_100,1,1,0.56303585
train_asd_Subj_30_part_101,1,0,0.37195706
train_asd_Subj_30_part_102,1,1,0.57262754
train_asd_Subj_30_part_103,1,1,0.6769547
train_asd_Subj_30_part_104,1,1,0.5212594
train_asd_Subj_30_part_105,1,1,0.5363579
train_asd_Subj_30_part_106,1,1,0.5557035
train_asd_Subj_30_part_107,1,1,0.5957403
train_asd_Subj_30_part_108,1,1,0.5081439
train_asd_Subj_30_part_109,1,1,0.5547483
train_asd_Subj_30_part_11,1,1,0.59168273
train_asd_Subj_30_part_110,1,0,0.48586562
train_asd_Subj_30_part_111,1,0,0.4515779
train_asd_Subj_30_part_112,1,0,0.4800922
train_asd_Subj_30_part_113,1,0,0.3939222
train_asd_Subj_30_part_114,1,0,0.43878683
train_asd_Subj_30_part_115,1,0,0.49135786
train_asd_Subj_30_part_116,1,1,0.58608973
train_asd_Subj_31_part_1,1,1,0.54625475
train_asd_Subj_31_part_10,1,1,0.6783062
train_asd_Subj_31_part_100,1,1,0.65562373
train_asd_Subj_31_part_101,1,0,0.46233884
train_asd_Subj_31_part_102,1,1,0.5224869
train_asd_Subj_31_part_103,1,0,0.4450174
train_asd_Subj_31_part_104,1,0,0.44598037
train_asd_Subj_31_part_105,1,1,0.54166734
train_asd_Subj_31_part_106,1,1,0.5029379
train_asd_Subj_31_part_107,1,1,0.5932157
train_asd_Subj_31_part_108,1,1,0.70935714
train_asd_Subj_31_part_109,1,1,0.69760513
train_asd_Subj_31_part_11,1,1,0.6191243
train_asd_Subj_31_part_110,1,0,0.4979522
train_asd_Subj_31_part_111,1,1,0.7098761
train_asd_Subj_31_part_112,1,1,0.6351818
train_asd_Subj_31_part_113,1,1,0.64225864
train_asd_Subj_31_part_114,1,1,0.63066316
train_asd_Subj_31_part_115,1,1,0.59977305
train_asd_Subj_31_part_116,1,1,0.6606885
train_asd_Subj_32_part_1,1,1,0.58788323
train_asd_Subj_32_part_10,1,0,0.3640241
train_asd_Subj_32_part_100,1,1,0.530442
train_asd_Subj_32_part_101,1,1,0.5593589
train_asd_Subj_32_part_102,1,0,0.48244318
train_asd_Subj_32_part_103,1,0,0.438448
train_asd_Subj_32_part_104,1,0,0.4642209
train_asd_Subj_32_part_105,1,1,0.660734
train_asd_Subj_32_part_106,1,1,0.57499766
train_asd_Subj_32_part_107,1,1,0.72627985
train_asd_Subj_32_part_108,1,1,0.63382995
train_asd_Subj_32_part_109,1,1,0.56891733
train_asd_Subj_32_part_11,1,1,0.6631633
train_asd_Subj_32_part_110,1,1,0.70676404
train_asd_Subj_32_part_111,1,1,0.6038433
train_asd_Subj_32_part_112,1,1,0.6695461
train_asd_Subj_32_part_113,1,1,0.6071461
train_asd_Subj_32_part_114,1,0,0.4612022
train_asd_Subj_32_part_115,1,1,0.5868119
train_asd_Subj_32_part_116,1,1,0.65264803
train_asd_Subj_33_part_1,1,1,0.53260183
train_asd_Subj_33_part_10,1,1,0.6067241
train_asd_Subj_33_part_100,1,1,0.53249156
train_asd_Subj_33_part_101,1,1,0.5416565
train_asd_Subj_33_part_102,1,1,0.6505772
train_asd_Subj_33_part_103,1,1,0.6162607
train_asd_Subj_33_part_104,1,1,0.57262087
train_asd_Subj_33_part_105,1,1,0.61092377
train_asd_Subj_33_part_106,1,1,0.6356225
train_asd_Subj_33_part_107,1,1,0.56974864
train_asd_Subj_33_part_108,1,1,0.6109004
train_asd_Subj_33_part_109,1,1,0.5366517
train_asd_Subj_33_part_11,1,1,0.59067225
train_asd_Subj_33_part_110,1,1,0.7459761
train_asd_Subj_33_part_111,1,1,0.6372993
train_asd_Subj_33_part_112,1,1,0.59719074
train_asd_Subj_33_part_113,1,1,0.5754231
train_asd_Subj_33_part_114,1,1,0.5291393
train_asd_Subj_33_part_115,1,1,0.5161736
train_asd_Subj_33_part_116,1,1,0.59703934
train_asd_Subj_34_part_1,1,1,0.6108843
train_asd_Subj_34_part_10,1,1,0.59007406
train_asd_Subj_34_part_100,1,0,0.43413723
train_asd_Subj_34_part_101,1,1,0.5516124
train_asd_Subj_34_part_102,1,1,0.5253644
train_asd_Subj_34_part_103,1,1,0.5069907
train_asd_Subj_34_part_104,1,1,0.5280733
train_asd_Subj_34_part_105,1,1,0.5875751
train_asd_Subj_34_part_106,1,1,0.5529548
train_asd_Subj_34_part_107,1,0,0.48464322
train_asd_Subj_34_part_108,1,1,0.5912524
train_asd_Subj_34_part_109,1,1,0.5245615
train_asd_Subj_34_part_11,1,0,0.44591734
train_asd_Subj_34_part_110,1,1,0.56075776
train_asd_Subj_34_part_111,1,0,0.41400254
train_asd_Subj_34_part_112,1,1,0.55109334
train_asd_Subj_34_part_113,1,0,0.4485783
train_asd_Subj_34_part_114,1,1,0.51622164
train_asd_Subj_34_part_115,1,1,0.53004503
train_asd_Subj_34_part_116,1,1,0.542333
train_asd_Subj_35_part_1,1,1,0.65218973
train_asd_Subj_35_part_10,1,1,0.6426871
train_asd_Subj_35_part_100,1,1,0.6665323
train_asd_Subj_35_part_101,1,1,0.5632305
train_asd_Subj_35_part_102,1,1,0.5948484
train_asd_Subj_35_part_103,1,1,0.6238414
train_asd_Subj_35_part_104,1,1,0.5789809
train_asd_Subj_35_part_105,1,1,0.64157057
train_asd_Subj_35_part_106,1,0,0.481921
train_asd_Subj_35_part_107,1,1,0.5948938
train_asd_Subj_35_part_108,1,1,0.65490246
train_asd_Subj_35_part_109,1,1,0.6993416
train_asd_Subj_35_part_11,1,1,0.7208291
train_asd_Subj_35_part_110,1,1,0.6466059
train_asd_Subj_35_part_111,1,1,0.58794445
train_asd_Subj_35_part_112,1,1,0.6943055
train_asd_Subj_35_part_113,1,1,0.6125752
train_asd_Subj_35_part_114,1,1,0.7388327
train_asd_Subj_35_part_115,1,0,0.49844038
train_asd_Subj_35_part_116,1,1,0.583231
train_asd_Subj_36_part_1,1,1,0.66389644
train_asd_Subj_36_part_10,1,1,0.64104533
train_asd_Subj_36_part_100,1,1,0.5897994
train_asd_Subj_36_part_101,1,1,0.6066642
train_asd_Subj_36_part_102,1,0,0.49979383
train_asd_Subj_36_part_103,1,1,0.6657213
train_asd_Subj_36_part_104,1,1,0.6573945
train_asd_Subj_36_part_105,1,1,0.6189301
train_asd_Subj_36_part_106,1,1,0.5932965
train_asd_Subj_36_part_107,1,1,0.6965169
train_asd_Subj_36_part_108,1,1,0.61723036
train_asd_Subj_36_part_109,1,1,0.68336654
train_asd_Subj_36_part_11,1,1,0.66098666
train_asd_Subj_36_part_110,1,1,0.60109544
train_asd_Subj_36_part_111,1,1,0.5598539
train_asd_Subj_36_part_112,1,0,0.47045344
train_asd_Subj_36_part_113,1,1,0.54937375
train_asd_Subj_36_part_114,1,1,0.63087344
train_asd_Subj_36_part_115,1,1,0.57267076
train_asd_Subj_36_part_116,1,0,0.4497114
train_asd_Subj_37_part_1,1,1,0.61502653
train_asd_Subj_37_part_10,1,1,0.6040036
train_asd_Subj_37_part_100,1,1,0.63559234
train_asd_Subj_37_part_101,1,1,0.6365732
train_asd_Subj_37_part_102,1,1,0.58568627
train_asd_Subj_37_part_103,1,1,0.6104441
train_asd_Subj_37_part_104,1,1,0.5710156
train_asd_Subj_37_part_105,1,1,0.56572175
train_asd_Subj_37_part_106,1,1,0.6486882
train_asd_Subj_37_part_107,1,1,0.64258546
train_asd_Subj_37_part_108,1,1,0.6719681
train_asd_Subj_37_part_109,1,1,0.5294651
train_asd_Subj_37_part_11,1,1,0.61169225
train_asd_Subj_37_part_110,1,1,0.5399504
train_asd_Subj_37_part_111,1,1,0.5511075
train_asd_Subj_37_part_112,1,1,0.57050776
train_asd_Subj_37_part_113,1,0,0.48085967
train_asd_Subj_37_part_114,1,1,0.5040939
train_asd_Subj_37_part_115,1,1,0.5713773
train_asd_Subj_37_part_116,1,1,0.59996665
train_asd_Subj_38_part_1,1,1,0.65327287
train_asd_Subj_38_part_10,1,1,0.7012161
train_asd_Subj_38_part_100,1,1,0.6142155
train_asd_Subj_38_part_101,1,1,0.5677906
train_asd_Subj_38_part_102,1,1,0.58263475
train_asd_Subj_38_part_103,1,1,0.556705
train_asd_Subj_38_part_104,1,1,0.60757846
train_asd_Subj_38_part_105,1,1,0.61474335
train_asd_Subj_38_part_106,1,1,0.5732045
train_asd_Subj_38_part_107,1,1,0.7413937
train_asd_Subj_38_part_108,1,1,0.7139048
train_asd_Subj_38_part_109,1,1,0.542866
train_asd_Subj_38_part_11,1,1,0.6326196
train_asd_Subj_38_part_110,1,1,0.5478226
train_asd_Subj_38_part_111,1,1,0.6460429
train_asd_Subj_38_part_112,1,1,0.6332502
train_asd_Subj_38_part_113,1,1,0.5659214
train_asd_Subj_38_part_114,1,1,0.5210302
train_asd_Subj_38_part_115,1,1,0.5859598
train_asd_Subj_38_part_116,1,1,0.5810243
train_asd_Subj_39_part_1,1,0,0.49799007
train_asd_Subj_39_part_10,1,1,0.52325124
train_asd_Subj_39_part_100,1,1,0.70675445
train_asd_Subj_39_part_101,1,1,0.697361
train_asd_Subj_39_part_102,1,1,0.6448568
train_asd_Subj_39_part_103,1,1,0.6503055
train_asd_Subj_39_part_104,1,1,0.5767629
train_asd_Subj_39_part_105,1,1,0.54490983
train_asd_Subj_39_part_106,1,1,0.6181762
train_asd_Subj_39_part_107,1,1,0.6793504
train_asd_Subj_39_part_108,1,1,0.63042176
train_asd_Subj_39_part_109,1,1,0.6311978
train_asd_Subj_39_part_11,1,1,0.6142795
train_asd_Subj_39_part_110,1,1,0.6226053
train_asd_Subj_39_part_111,1,1,0.6357733
train_asd_Subj_39_part_112,1,1,0.6886538
train_asd_Subj_39_part_113,1,1,0.61793965
train_asd_Subj_39_part_114,1,1,0.69309926
train_asd_Subj_39_part_115,1,1,0.6373909
train_asd_Subj_39_part_116,1,1,0.6642525
train_asd_Subj_4_part_1,1,1,0.65799606
train_asd_Subj_4_part_10,1,1,0.67331195
train_asd_Subj_4_part_100,1,1,0.5945262
train_asd_Subj_4_part_101,1,1,0.56139153
train_asd_Subj_4_part_102,1,0,0.4896978
train_asd_Subj_4_part_103,1,1,0.6669996
train_asd_Subj_4_part_104,1,1,0.6311539
train_asd_Subj_4_part_105,1,1,0.59747034
train_asd_Subj_4_part_106,1,1,0.5879371
train_asd_Subj_4_part_107,1,1,0.5695945
train_asd_Subj_4_part_108,1,0,0.48931345
train_asd_Subj_4_part_109,1,0,0.47163045
train_asd_Subj_4_part_11,1,1,0.5838077
train_asd_Subj_4_part_110,1,1,0.5320869
train_asd_Subj_4_part_111,1,0,0.38099718
train_asd_Subj_4_part_112,1,1,0.5250648
train_asd_Subj_4_part_113,1,0,0.478662
train_asd_Subj_4_part_114,1,1,0.5801041
train_asd_Subj_4_part_115,1,1,0.5468724
train_asd_Subj_4_part_116,1,0,0.43022946
train_asd_Subj_40_part_1,1,0,0.47264832
train_asd_Subj_40_part_10,1,1,0.53360593
train_asd_Subj_40_part_100,1,0,0.4977281
train_asd_Subj_40_part_101,1,1,0.75616133
train_asd_Subj_40_part_102,1,1,0.6315053
train_asd_Subj_40_part_103,1,1,0.539124
train_asd_Subj_40_part_104,1,1,0.636619
train_asd_Subj_40_part_105,1,1,0.52879643
train_asd_Subj_40_part_106,1,0,0.46804827
train_asd_Subj_40_part_107,1,1,0.5382967
train_asd_Subj_40_part_108,1,1,0.61536443
train_asd_Subj_40_part_109,1,0,0.43843907
train_asd_Subj_40_part_11,1,1,0.6224486
train_asd_Subj_40_part_110,1,1,0.64922035
train_asd_Subj_40_part_111,1,1,0.5482829
train_asd_Subj_40_part_112,1,1,0.56026125
train_asd_Subj_40_part_113,1,1,0.56276715
train_asd_Subj_40_part_114,1,1,0.5839789
train_asd_Subj_40_part_115,1,1,0.6144028
train_asd_Subj_40_part_116,1,1,0.596017
train_asd_Subj_5_part_1,1,0,0.45066586
train_asd_Subj_5_part_10,1,1,0.6151123
train_asd_Subj_5_part_100,1,1,0.62553054
train_asd_Subj_5_part_101,1,1,0.5112894
train_asd_Subj_5_part_102,1,1,0.5804558
train_asd_Subj_5_part_103,1,0,0.4954749
train_asd_Subj_5_part_104,1,0,0.48058656
train_asd_Subj_5_part_105,1,1,0.56888163
train_asd_Subj_5_part_106,1,0,0.44725204
train_asd_Subj_5_part_107,1,0,0.45536554
train_asd_Subj_5_part_108,1,1,0.62205917
train_asd_Subj_5_part_109,1,1,0.6418108
train_asd_Subj_5_part_11,1,1,0.58449745
train_asd_Subj_5_part_110,1,1,0.59543777
train_asd_Subj_5_part_111,1,1,0.5307267
train_asd_Subj_5_part_112,1,1,0.60937804
train_asd_Subj_5_part_113,1,1,0.62409306
train_asd_Subj_5_part_114,1,1,0.56028557
train_asd_Subj_5_part_115,1,1,0.54853886
train_asd_Subj_5_part_116,1,1,0.5916978
train_asd_Subj_6_part_1,1,1,0.54092467
train_asd_Subj_6_part_10,1,1,0.5820185
train_asd_Subj_6_part_100,1,1,0.6423212
train_asd_Subj_6_part_101,1,1,0.5346391
train_asd_Subj_6_part_102,1,1,0.6008333
train_asd_Subj_6_part_103,1,1,0.5550184
train_asd_Subj_6_part_104,1,1,0.5636199
train_asd_Subj_6_part_105,1,1,0.5883625
train_asd_Subj_6_part_106,1,1,0.56448996
train_asd_Subj_6_part_107,1,1,0.5902629
train_asd_Subj_6_part_108,1,1,0.5261195
train_asd_Subj_6_part_109,1,1,0.52929044
train_asd_Subj_6_part_11,1,1,0.6420802
train_asd_Subj_6_part_110,1,1,0.5398935
train_asd_Subj_6_part_111,1,1,0.55866694
train_asd_Subj_6_part_112,1,1,0.5624506
train_asd_Subj_6_part_113,1,1,0.6242817
train_asd_Subj_6_part_114,1,1,0.65865374
train_asd_Subj_6_part_115,1,1,0.58232546
train_asd_Subj_6_part_116,1,1,0.65136707
train_asd_Subj_7_part_1,1,1,0.6481617
train_asd_Subj_7_part_10,1,1,0.585315
train_asd_Subj_7_part_100,1,0,0.48050064
train_asd_Subj_7_part_101,1,1,0.554251
train_asd_Subj_7_part_102,1,1,0.5936543
train_asd_Subj_7_part_103,1,1,0.5646373
train_asd_Subj_7_part_104,1,1,0.6231789
train_asd_Subj_7_part_105,1,1,0.6918007
train_asd_Subj_7_part_106,1,1,0.523446
train_asd_Subj_7_part_107,1,1,0.5208688
train_asd_Subj_7_part_108,1,1,0.5916678
train_asd_Subj_7_part_109,1,1,0.5240207
train_asd_Subj_7_part_11,1,1,0.5799544
train_asd_Subj_7_part_110,1,0,0.49891335
train_asd_Subj_7_part_111,1,0,0.4904573
train_asd_Subj_7_part_112,1,1,0.67551374
train_asd_Subj_7_part_113,1,1,0.62676966
train_asd_Subj_7_part_114,1,1,0.50987744
train_asd_Subj_7_part_115,1,0,0.4548394
train_asd_Subj_7_part_116,1,1,0.5915359
train_asd_Subj_8_part_1,1,1,0.5644809
train_asd_Subj_8_part_10,1,1,0.6149767
train_asd_Subj_8_part_100,1,1,0.60960734
train_asd_Subj_8_part_101,1,0,0.48089465
train_asd_Subj_8_part_102,1,0,0.4760255
train_asd_Subj_8_part_103,1,1,0.50913453
train_asd_Subj_8_part_104,1,1,0.5047196
train_asd_Subj_8_part_105,1,1,0.61016345
train_asd_Subj_8_part_106,1,1,0.68057144
train_asd_Subj_8_part_107,1,1,0.52098715
train_asd_Subj_8_part_108,1,1,0.5002332
train_asd_Subj_8_part_109,1,1,0.6848693
train_asd_Subj_8_part_11,1,1,0.5149541
train_asd_Subj_8_part_110,1,0,0.4735015
train_asd_Subj_8_part_111,1,1,0.6062328
train_asd_Subj_8_part_112,1,1,0.67548144
train_asd_Subj_8_part_113,1,0,0.4876093
train_asd_Subj_8_part_114,1,1,0.64133227
train_asd_Subj_8_part_115,1,1,0.5551465
train_asd_Subj_8_part_116,1,0,0.47262117
train_asd_Subj_9_part_1,1,1,0.5534251
train_asd_Subj_9_part_10,1,1,0.5303699
train_asd_Subj_9_part_100,1,1,0.65298367
train_asd_Subj_9_part_101,1,1,0.64006
train_asd_Subj_9_part_102,1,1,0.6259969
train_asd_Subj_9_part_103,1,1,0.6884581
train_asd_Subj_9_part_104,1,1,0.6309255
train_asd_Subj_9_part_105,1,1,0.6530832
train_asd_Subj_9_part_106,1,1,0.586803
train_asd_Subj_9_part_107,1,1,0.5041073
train_asd_Subj_9_part_108,1,1,0.69737756
train_asd_Subj_9_part_109,1,1,0.59571207
train_asd_Subj_9_part_11,1,1,0.6569753
train_asd_Subj_9_part_110,1,1,0.75137305
train_asd_Subj_9_part_114,1,1,0.65282303
train_asd_Subj_9_part_115,1,1,0.6131245
train_asd_Subj_9_part_116,1,1,0.5994552
train_asd_Subj_9_part_117,1,1,0.5829838
train_asd_Subj_9_part_118,1,1,0.58026564
train_asd_Subj_9_part_119,1,0,0.45385036
train_td_Subj_1_part_1,0,1,0.5252588
train_td_Subj_1_part_10,0,0,0.34951693
train_td_Subj_1_part_100,0,0,0.45452765
train_td_Subj_1_part_101,0,0,0.4285216
train_td_Subj_1_part_102,0,0,0.4057195
train_td_Subj_1_part_103,0,0,0.44396478
train_td_Subj_1_part_104,0,1,0.5482236
train_td_Subj_1_part_105,0,0,0.49908826
train_td_Subj_1_part_106,0,1,0.6119938
train_td_Subj_1_part_107,0,1,0.5652658
train_td_Subj_1_part_108,0,0,0.3534241
train_td_Subj_1_part_109,0,0,0.48941374
train_td_Subj_1_part_11,0,0,0.38522825
train_td_Subj_1_part_110,0,0,0.49516594
train_td_Subj_1_part_111,0,1,0.5453225
train_td_Subj_1_part_112,0,0,0.4779268
train_td_Subj_1_part_113,0,1,0.51996243
train_td_Subj_1_part_114,0,0,0.49930933
train_td_Subj_1_part_115,0,0,0.49129063
train_td_Subj_1_part_116,0,0,0.49577808
train_td_Subj_10_part_1,0,1,0.58567655
train_td_Subj_10_part_10,0,1,0.54368496
train_td_Subj_10_part_100,0,1,0.595391
train_td_Subj_10_part_101,0,1,0.5598763
train_td_Subj_10_part_102,0,1,0.5841899
train_td_Subj_10_part_103,0,1,0.55364114
train_td_Subj_10_part_104,0,1,0.67228
train_td_Subj_10_part_105,0,0,0.47959033
train_td_Subj_10_part_106,0,1,0.61121553
train_td_Subj_10_part_107,0,0,0.49906608
train_td_Subj_10_part_108,0,1,0.6606653
train_td_Subj_10_part_109,0,0,0.45397037
train_td_Subj_10_part_11,0,1,0.70817924
train_td_Subj_10_part_110,0,0,0.48415095
train_td_Subj_10_part_111,0,1,0.5347235
train_td_Subj_10_part_112,0,1,0.5530392
train_td_Subj_10_part_113,0,1,0.6215184
train_td_Subj_10_part_114,0,0,0.47942916
train_td_Subj_10_part_115,0,1,0.5423755
train_td_Subj_10_part_116,0,1,0.5277366
train_td_Subj_11_part_1,0,1,0.56554925
train_td_Subj_11_part_10,0,1,0.5396716
train_td_Subj_11_part_100,0,1,0.53935415
train_td_Subj_11_part_101,0,0,0.47213554
train_td_Subj_11_part_102,0,0,0.4932142
train_td_Subj_11_part_103,0,0,0.48832408
train_td_Subj_11_part_104,0,1,0.5166844
train_td_Subj_11_part_105,0,1,0.55182576
train_td_Subj_11_part_106,0,1,0.6104874
train_td_Subj_11_part_107,0,1,0.5538414
train_td_Subj_11_part_108,0,1,0.53015447
train_td_Subj_11_part_109,0,1,0.5606643
train_td_Subj_11_part_11,0,1,0.521493
train_td_Subj_11_part_110,0,1,0.5491862
train_td_Subj_11_part_111,0,1,0.51439655
train_td_Subj_11_part_112,0,1,0.5452663
train_td_Subj_11_part_113,0,0,0.49995628
train_td_Subj_11_part_114,0,1,0.68332475
train_td_Subj_11_part_115,0,1,0.5543267
train_td_Subj_11_part_116,0,1,0.5076451
train_td_Subj_12_part_1,0,0,0.49118948
train_td_Subj_12_part_10,0,1,0.5522811
train_td_Subj_12_part_100,0,1,0.62690926
train_td_Subj_12_part_101,0,0,0.4666108
train_td_Subj_12_part_102,0,1,0.5229205
train_td_Subj_12_part_103,0,1,0.552968
train_td_Subj_12_part_104,0,1,0.6167058
train_td_Subj_12_part_105,0,0,0.49407953
train_td_Subj_12_part_106,0,1,0.5128403
train_td_Subj_12_part_107,0,0,0.47551724
train_td_Subj_12_part_108,0,0,0.40621403
train_td_Subj_12_part_109,0,1,0.5283986
train_td_Subj_12_part_11,0,1,0.5456166
train_td_Subj_12_part_110,0,1,0.5089256
train_td_Subj_12_part_111,0,0,0.47165686
train_td_Subj_12_part_112,0,1,0.6268927
train_td_Subj_12_part_113,0,0,0.47770512
train_td_Subj_12_part_114,0,1,0.5062251
train_td_Subj_12_part_115,0,1,0.574112
train_td_Subj_12_part_116,0,0,0.443382
train_td_Subj_13_part_1,0,1,0.51913047
train_td_Subj_13_part_10,0,1,0.7252741
train_td_Subj_13_part_100,0,0,0.4909406
train_td_Subj_13_part_101,0,0,0.46379215
train_td_Subj_13_part_102,0,0,0.4834814
train_td_Subj_13_part_103,0,0,0.38856688
train_td_Subj_13_part_104,0,1,0.5172875
train_td_Subj_13_part_105,0,1,0.51734155
train_td_Subj_13_part_106,0,1,0.51256764
train_td_Subj_13_part_107,0,1,0.56455475
train_td_Subj_13_part_108,0,0,0.49312967
train_td_Subj_13_part_109,0,1,0.5763903
train_td_Subj_13_part_11,0,0,0.41557884
train_td_Subj_13_part_110,0,1,0.5341481
train_td_Subj_13_part_111,0,0,0.46354112
train_td_Subj_13_part_112,0,0,0.43535966
train_td_Subj_13_part_113,0,1,0.5303358
train_td_Subj_13_part_114,0,0,0.46811026
train_td_Subj_13_part_115,0,1,0.5897985
train_td_Subj_13_part_116,0,1,0.60394573
train_td_Subj_14_part_1,0,1,0.5829557
train_td_Subj_14_part_10,0,1,0.641883
train_td_Subj_14_part_100,0,0,0.46523336
train_td_Subj_14_part_101,0,1,0.5100483
train_td_Subj_14_part_102,0,1,0.55029476
train_td_Subj_14_part_103,0,1,0.55845845
train_td_Subj_14_part_104,0,1,0.5155213
train_td_Subj_14_part_105,0,0,0.4418872
train_td_Subj_14_part_106,0,0,0.4902709
train_td_Subj_14_part_107,0,0,0.36891836
train_td_Subj_14_part_108,0,1,0.5422175
train_td_Subj_14_part_109,0,1,0.58809656
train_td_Subj_14_part_11,0,1,0.6274303
train_td_Subj_14_part_110,0,1,0.5121877
train_td_Subj_14_part_111,0,1,0.5290402
train_td_Subj_14_part_112,0,1,0.5681212
train_td_Subj_14_part_113,0,1,0.54578876
train_td_Subj_14_part_114,0,1,0.6165792
train_td_Subj_14_part_115,0,0,0.4407217
train_td_Subj_14_part_116,0,1,0.54725105
train_td_Subj_15_part_1,0,0,0.32808277
train_td_Subj_15_part_10,0,0,0.4555689
train_td_Subj_15_part_100,0,0,0.4336025
train_td_Subj_15_part_101,0,0,0.46548623
train_td_Subj_15_part_102,0,0,0.48221424
train_td_Subj_15_part_103,0,1,0.54362226
train_td_Subj_15_part_104,0,1,0.5354813
train_td_Subj_15_part_105,0,0,0.49661314
train_td_Subj_15_part_106,0,0,0.35924348
train_td_Subj_15_part_107,0,0,0.44032314
train_td_Subj_15_part_108,0,0,0.4535564
train_td_Subj_15_part_109,0,0,0.4864579
train_td_Subj_15_part_11,0,0,0.4559789
train_td_Subj_15_part_110,0,1,0.51423776
train_td_Subj_15_part_111,0,0,0.42294538
train_td_Subj_15_part_112,0,1,0.55951965
train_td_Subj_15_part_113,0,0,0.4565361
train_td_Subj_15_part_114,0,0,0.39953718
train_td_Subj_15_part_115,0,0,0.3752695
train_td_Subj_15_part_116,0,0,0.4598569
train_td_Subj_16_part_1,0,1,0.53660864
train_td_Subj_16_part_10,0,1,0.57772195
train_td_Subj_16_part_100,0,0,0.40524486
train_td_Subj_16_part_101,0,1,0.5757233
train_td_Subj_16_part_102,0,0,0.43078512
train_td_Subj_16_part_103,0,1,0.54148734
train_td_Subj_16_part_104,0,1,0.52143264
train_td_Subj_16_part_105,0,0,0.49399048
train_td_Subj_16_part_106,0,1,0.56053734
train_td_Subj_16_part_107,0,1,0.5232208
train_td_Subj_16_part_108,0,0,0.4027695
train_td_Subj_16_part_109,0,0,0.4806781
train_td_Subj_16_part_11,0,1,0.5342648
train_td_Subj_16_part_110,0,1,0.59564453
train_td_Subj_16_part_111,0,0,0.4153158
train_td_Subj_16_part_112,0,1,0.56677634
train_td_Subj_16_part_113,0,1,0.5707698
train_td_Subj_16_part_114,0,0,0.47243795
train_td_Subj_16_part_115,0,0,0.47867662
train_td_Subj_16_part_116,0,1,0.5399723
train_td_Subj_17_part_1,0,0,0.4771007
train_td_Subj_17_part_10,0,1,0.50532204
train_td_Subj_17_part_100,0,0,0.48165575
train_td_Subj_17_part_101,0,0,0.437227
train_td_Subj_17_part_102,0,0,0.44530272
train_td_Subj_17_part_103,0,1,0.6005689
train_td_Subj_17_part_104,0,1,0.5100862
train_td_Subj_17_part_105,0,1,0.53952694
train_td_Subj_17_part_106,0,1,0.54426557
train_td_Subj_17_part_107,0,1,0.6022942
train_td_Subj_17_part_108,0,1,0.5017636
train_td_Subj_17_part_109,0,1,0.59281826
train_td_Subj_17_part_11,0,1,0.5167824
train_td_Subj_17_part_110,0,0,0.49766955
train_td_Subj_17_part_111,0,0,0.40099996
train_td_Subj_17_part_112,0,0,0.48664168
train_td_Subj_17_part_113,0,0,0.38868296
train_td_Subj_17_part_114,0,0,0.4666038
train_td_Subj_17_part_115,0,0,0.483602
train_td_Subj_17_part_116,0,0,0.437626
train_td_Subj_18_part_1,0,0,0.49534488
train_td_Subj_18_part_10,0,1,0.6194961
train_td_Subj_18_part_100,0,0,0.4654677
train_td_Subj_18_part_101,0,1,0.54249537
train_td_Subj_18_part_102,0,0,0.44395864
train_td_Subj_18_part_103,0,0,0.46570033
train_td_Subj_18_part_104,0,0,0.46454954
train_td_Subj_18_part_105,0,0,0.3930126
train_td_Subj_18_part_106,0,0,0.48799515
train_td_Subj_18_part_107,0,1,0.6003053
train_td_Subj_18_part_108,0,1,0.6258813
train_td_Subj_18_part_109,0,0,0.46554872
train_td_Subj_18_part_11,0,1,0.66709244
train_td_Subj_18_part_110,0,1,0.5260666
train_td_Subj_18_part_111,0,1,0.578552
train_td_Subj_18_part_112,0,0,0.4848431
train_td_Subj_18_part_113,0,0,0.42621106
train_td_Subj_18_part_114,0,0,0.46268323
train_td_Subj_18_part_115,0,1,0.540539
train_td_Subj_18_part_116,0,1,0.5195533
train_td_Subj_19_part_1,0,0,0.46177682
train_td_Subj_19_part_10,0,0,0.49484783
train_td_Subj_19_part_100,0,0,0.47352841
train_td_Subj_19_part_101,0,0,0.43370497
train_td_Subj_19_part_102,0,1,0.5394524
train_td_Subj_19_part_103,0,1,0.6585332
train_td_Subj_19_part_104,0,1,0.6316339
train_td_Subj_19_part_105,0,1,0.6247628
train_td_Subj_19_part_106,0,1,0.5483
train_td_Subj_19_part_107,0,1,0.5955461
train_td_Subj_19_part_108,0,1,0.55427134
train_td_Subj_19_part_109,0,1,0.56822896
train_td_Subj_19_part_11,0,0,0.48081952
train_td_Subj_19_part_110,0,1,0.5957012
train_td_Subj_19_part_111,0,1,0.53904647
train_td_Subj_19_part_112,0,0,0.45857075
train_td_Subj_19_part_113,0,1,0.5103371
train_td_Subj_19_part_114,0,1,0.5191591
train_td_Subj_19_part_115,0,0,0.4293887
train_td_Subj_19_part_116,0,1,0.56025565
train_td_Subj_2_part_1,0,1,0.60488695
train_td_Subj_2_part_10,0,0,0.4156639
train_td_Subj_2_part_100,0,1,0.5969675
train_td_Subj_2_part_101,0,1,0.5807805
train_td_Subj_2_part_102,0,0,0.43351477
train_td_Subj_2_part_103,0,1,0.59791696
train_td_Subj_2_part_104,0,1,0.61927927
train_td_Subj_2_part_105,0,1,0.550698
train_td_Subj_2_part_106,0,1,0.5467663
train_td_Subj_2_part_107,0,1,0.5572954
train_td_Subj_2_part_108,0,1,0.58179677
train_td_Subj_2_part_109,0,0,0.484197
train_td_Subj_2_part_11,0,1,0.52713615
train_td_Subj_2_part_110,0,0,0.45507166
train_td_Subj_2_part_111,0,0,0.41951516
train_td_Subj_2_part_112,0,1,0.6338105
train_td_Subj_2_part_113,0,1,0.5208427
train_td_Subj_2_part_114,0,0,0.37623316
train_td_Subj_2_part_115,0,0,0.42658317
train_td_Subj_2_part_116,0,1,0.59532404
train_td_Subj_20_part_1,0,1,0.609775
train_td_Subj_20_part_10,0,0,0.37145713
train_td_Subj_20_part_100,0,0,0.43752214
train_td_Subj_20_part_101,0,1,0.5594031
train_td_Subj_20_part_102,0,0,0.48722726
train_td_Subj_20_part_103,0,1,0.5793802
train_td_Subj_20_part_104,0,0,0.4973262
train_td_Subj_20_part_105,0,1,0.5511757
train_td_Subj_20_part_106,0,1,0.5597202
train_td_Subj_20_part_107,0,1,0.61131334
train_td_Subj_20_part_108,0,1,0.61383843
train_td_Subj_20_part_109,0,1,0.6134347
train_td_Subj_20_part_11,0,1,0.55588305
train_td_Subj_20_part_110,0,1,0.53127384
train_td_Subj_20_part_111,0,1,0.62349844
train_td_Subj_20_part_112,0,1,0.5313128
train_td_Subj_20_part_113,0,1,0.54009867
train_td_Subj_20_part_114,0,0,0.480858
train_td_Subj_20_part_115,0,1,0.5515573
train_td_Subj_20_part_116,0,1,0.54429436
train_td_Subj_21_part_1,0,1,0.5045159
train_td_Subj_21_part_10,0,1,0.5686703
train_td_Subj_21_part_100,0,0,0.46997586
train_td_Subj_21_part_101,0,1,0.50460184
train_td_Subj_21_part_102,0,1,0.6123558
train_td_Subj_21_part_103,0,1,0.5092069
train_td_Subj_21_part_104,0,1,0.56280625
train_td_Subj_21_part_105,0,1,0.6060188
train_td_Subj_21_part_106,0,1,0.5499034
train_td_Subj_21_part_107,0,1,0.5170743
train_td_Subj_21_part_108,0,1,0.5702901
train_td_Subj_21_part_109,0,1,0.58084124
train_td_Subj_21_part_11,0,1,0.6037455
train_td_Subj_21_part_110,0,1,0.54766273
train_td_Subj_21_part_111,0,1,0.5465132
train_td_Subj_21_part_112,0,0,0.324262
train_td_Subj_21_part_113,0,1,0.64798975
train_td_Subj_21_part_114,0,1,0.5703182
train_td_Subj_21_part_115,0,1,0.5165104
train_td_Subj_21_part_116,0,0,0.48093313
train_td_Subj_22_part_1,0,1,0.5255903
train_td_Subj_22_part_10,0,0,0.4399205
train_td_Subj_22_part_100,0,1,0.503401
train_td_Subj_22_part_101,0,1,0.5470521
train_td_Subj_22_part_102,0,0,0.44185054
train_td_Subj_22_part_103,0,0,0.46952915
train_td_Subj_22_part_104,0,0,0.49485135
train_td_Subj_22_part_105,0,0,0.43917623
train_td_Subj_22_part_106,0,1,0.51759183
train_td_Subj_22_part_107,0,1,0.52130663
train_td_Subj_22_part_108,0,0,0.49442014
train_td_Subj_22_part_109,0,0,0.46761683
train_td_Subj_22_part_11,0,1,0.52936697
train_td_Subj_22_part_110,0,1,0.6086616
train_td_Subj_22_part_111,0,1,0.52907014
train_td_Subj_22_part_112,0,1,0.55939174
train_td_Subj_22_part_113,0,1,0.5554973
train_td_Subj_22_part_114,0,1,0.62732226
train_td_Subj_22_part_115,0,0,0.4763914
train_td_Subj_22_part_116,0,1,0.5477977
train_td_Subj_23_part_1,0,1,0.59443843
train_td_Subj_23_part_10,0,0,0.4487089
train_td_Subj_23_part_100,0,1,0.53786254
train_td_Subj_23_part_101,0,1,0.5485172
train_td_Subj_23_part_102,0,0,0.41873297
train_td_Subj_23_part_103,0,1,0.6120435
train_td_Subj_23_part_104,0,1,0.52617085
train_td_Subj_23_part_105,0,1,0.6653987
train_td_Subj_23_part_106,0,1,0.5372982
train_td_Subj_23_part_107,0,0,0.44400716
train_td_Subj_23_part_108,0,0,0.49704272
train_td_Subj_23_part_109,0,1,0.643703
train_td_Subj_23_part_11,0,0,0.46352947
train_td_Subj_23_part_110,0,1,0.5224328
train_td_Subj_23_part_111,0,1,0.5573549
train_td_Subj_23_part_112,0,0,0.47054875
train_td_Subj_23_part_113,0,0,0.43845153
train_td_Subj_23_part_114,0,1,0.58008665
train_td_Subj_23_part_115,0,1,0.5877206
train_td_Subj_23_part_116,0,0,0.486713
train_td_Subj_24_part_1,0,1,0.51960534
train_td_Subj_24_part_10,0,1,0.53088003
train_td_Subj_24_part_100,0,1,0.5961001
train_td_Subj_24_part_101,0,1,0.62553716
train_td_Subj_24_part_102,0,1,0.5693524
train_td_Subj_24_part_103,0,1,0.5911859
train_td_Subj_24_part_104,0,1,0.61210954
train_td_Subj_24_part_105,0,1,0.66595805
train_td_Subj_24_part_106,0,1,0.52926135
train_td_Subj_24_part_107,0,0,0.43705046
train_td_Subj_24_part_108,0,0,0.48522818
train_td_Subj_24_part_109,0,1,0.66273385
train_td_Subj_24_part_11,0,1,0.57542473
train_td_Subj_24_part_110,0,0,0.46647036
train_td_Subj_24_part_111,0,0,0.44993532
train_td_Subj_24_part_112,0,1,0.6206527
train_td_Subj_24_part_113,0,1,0.5137425
train_td_Subj_24_part_114,0,1,0.51445496
train_td_Subj_24_part_115,0,0,0.4559594
train_td_Subj_24_part_116,0,0,0.4486681
train_td_Subj_25_part_1,0,0,0.43385145
train_td_Subj_25_part_10,0,1,0.6599163
train_td_Subj_25_part_100,0,1,0.5211988
train_td_Subj_25_part_101,0,1,0.5986091
train_td_Subj_25_part_102,0,1,0.5828844
train_td_Subj_25_part_103,0,1,0.5565729
train_td_Subj_25_part_104,0,1,0.5186501
train_td_Subj_25_part_105,0,0,0.41123894
train_td_Subj_25_part_106,0,0,0.46487898
train_td_Subj_25_part_107,0,0,0.47265255
train_td_Subj_25_part_108,0,1,0.59522474
train_td_Subj_25_part_109,0,1,0.6020826
train_td_Subj_25_part_11,0,0,0.40102673
train_td_Subj_25_part_110,0,1,0.5749785
train_td_Subj_25_part_111,0,1,0.6496717
train_td_Subj_25_part_112,0,1,0.6141105
train_td_Subj_25_part_113,0,1,0.52719057
train_td_Subj_25_part_114,0,1,0.5886518
train_td_Subj_25_part_115,0,0,0.40277785
train_td_Subj_25_part_116,0,0,0.48923457
train_td_Subj_26_part_1,0,1,0.5267322
train_td_Subj_26_part_10,0,0,0.41759235
train_td_Subj_26_part_100,0,1,0.5435807
train_td_Subj_26_part_101,0,0,0.4994019
train_td_Subj_26_part_102,0,1,0.5421281
train_td_Subj_26_part_103,0,0,0.4916131
train_td_Subj_26_part_104,0,0,0.44591045
train_td_Subj_26_part_105,0,1,0.5456021
train_td_Subj_26_part_106,0,1,0.5196066
train_td_Subj_26_part_107,0,1,0.58007175
train_td_Subj_26_part_108,0,1,0.6884397
train_td_Subj_26_part_109,0,0,0.48360574
train_td_Subj_26_part_11,0,0,0.31382942
train_td_Subj_26_part_110,0,1,0.58913314
train_td_Subj_26_part_111,0,1,0.5097201
train_td_Subj_26_part_112,0,1,0.5911013
train_td_Subj_26_part_113,0,1,0.506455
train_td_Subj_26_part_114,0,1,0.55718756
train_td_Subj_26_part_115,0,0,0.48537773
train_td_Subj_26_part_116,0,0,0.45365158
train_td_Subj_27_part_1,0,1,0.5313171
train_td_Subj_27_part_10,0,1,0.5955248
train_td_Subj_27_part_100,0,0,0.3381748
train_td_Subj_27_part_101,0,1,0.50472933
train_td_Subj_27_part_102,0,0,0.48557833
train_td_Subj_27_part_103,0,1,0.52840316
train_td_Subj_27_part_104,0,0,0.49023658
train_td_Subj_27_part_105,0,1,0.5346099
train_td_Subj_27_part_106,0,0,0.46159345
train_td_Subj_27_part_107,0,1,0.5211314
train_td_Subj_27_part_108,0,0,0.42360735
train_td_Subj_27_part_109,0,0,0.48935574
train_td_Subj_27_part_11,0,0,0.46386865
train_td_Subj_27_part_110,0,1,0.5519113
train_td_Subj_27_part_111,0,1,0.60036325
train_td_Subj_27_part_112,0,1,0.58549416
train_td_Subj_27_part_113,0,0,0.45303243
train_td_Subj_27_part_114,0,0,0.4445117
train_td_Subj_27_part_115,0,0,0.49147522
train_td_Subj_27_part_116,0,1,0.53395414
train_td_Subj_28_part_1,0,1,0.58085054
train_td_Subj_28_part_10,0,0,0.4571978
train_td_Subj_28_part_100,0,1,0.5933852
train_td_Subj_28_part_101,0,1,0.59376276
train_td_Subj_28_part_102,0,1,0.6673423
train_td_Subj_28_part_103,0,0,0.4387943
train_td_Subj_28_part_104,0,1,0.627318
train_td_Subj_28_part_105,0,1,0.6310291
train_td_Subj_28_part_106,0,1,0.54830104
train_td_Subj_28_part_107,0,1,0.6058911
train_td_Subj_28_part_108,0,1,0.53125656
train_td_Subj_28_part_109,0,0,0.42529452
train_td_Subj_28_part_11,0,1,0.55149704
train_td_Subj_28_part_110,0,0,0.40135998
train_td_Subj_28_part_111,0,1,0.64956033
train_td_Subj_28_part_112,0,1,0.5663589
train_td_Subj_28_part_113,0,1,0.54429525
train_td_Subj_28_part_114,0,1,0.50378335
train_td_Subj_28_part_115,0,0,0.45910257
train_td_Subj_28_part_116,0,0,0.47162405
train_td_Subj_29_part_1,0,1,0.5894092
train_td_Subj_29_part_10,0,0,0.49029836
train_td_Subj_29_part_100,0,1,0.57044625
train_td_Subj_29_part_101,0,0,0.47322676
train_td_Subj_29_part_102,0,1,0.58900535
train_td_Subj_29_part_103,0,0,0.35521856
train_td_Subj_29_part_104,0,1,0.520386
train_td_Subj_29_part_105,0,0,0.49264556
train_td_Subj_29_part_106,0,0,0.44191846
train_td_Subj_29_part_107,0,0,0.42348975
train_td_Subj_29_part_108,0,1,0.5216353
train_td_Subj_29_part_109,0,1,0.5939864
train_td_Subj_29_part_11,0,1,0.58621347
train_td_Subj_29_part_110,0,0,0.42105252
train_td_Subj_29_part_111,0,0,0.38868752
train_td_Subj_29_part_112,0,0,0.4881107
train_td_Subj_29_part_113,0,1,0.5052167
train_td_Subj_29_part_114,0,1,0.5601243
train_td_Subj_29_part_115,0,0,0.40988708
train_td_Subj_29_part_116,0,1,0.579054
train_td_Subj_3_part_1,0,0,0.49141067
train_td_Subj_3_part_10,0,1,0.59085107
train_td_Subj_3_part_100,0,1,0.69671774
train_td_Subj_3_part_101,0,0,0.4508818
train_td_Subj_3_part_102,0,0,0.4610845
train_td_Subj_3_part_103,0,1,0.6514563
train_td_Subj_3_part_104,0,1,0.5109626
train_td_Subj_3_part_105,0,0,0.46889448
train_td_Subj_3_part_106,0,1,0.52780217
train_td_Subj_3_part_107,0,0,0.44248074
train_td_Subj_3_part_108,0,0,0.44195262
train_td_Subj_3_part_109,0,1,0.52124774
train_td_Subj_3_part_11,0,1,0.6132709
train_td_Subj_3_part_110,0,0,0.496081
train_td_Subj_3_part_111,0,0,0.4764441
train_td_Subj_3_part_112,0,1,0.52657723
train_td_Subj_3_part_113,0,1,0.52648497
train_td_Subj_3_part_114,0,0,0.45604986
train_td_Subj_3_part_115,0,1,0.52776563
train_td_Subj_3_part_116,0,0,0.42987645
train_td_Subj_30_part_1,0,1,0.57209945
train_td_Subj_30_part_10,0,0,0.49491492
train_td_Subj_30_part_100,0,1,0.5899174
train_td_Subj_30_part_101,0,0,0.46992317
train_td_Subj_30_part_102,0,1,0.50646126
train_td_Subj_30_part_103,0,0,0.45504755
train_td_Subj_30_part_104,0,1,0.54993534
train_td_Subj_30_part_105,0,1,0.52578795
train_td_Subj_30_part_106,0,1,0.60647964
train_td_Subj_30_part_107,0,0,0.47630256
train_td_Subj_30_part_108,0,1,0.51482224
train_td_Subj_30_part_109,0,0,0.47439116
train_td_Subj_30_part_11,0,0,0.4810007
train_td_Subj_30_part_110,0,1,0.54982007
train_td_Subj_30_part_111,0,1,0.5936142
train_td_Subj_30_part_112,0,1,0.52181304
train_td_Subj_30_part_113,0,1,0.5610922
train_td_Subj_30_part_114,0,1,0.56448555
train_td_Subj_30_part_115,0,0,0.4775633
train_td_Subj_30_part_116,0,1,0.569766
train_td_Subj_31_part_1,0,1,0.52681553
train_td_Subj_31_part_10,0,1,0.5645121
train_td_Subj_31_part_100,0,0,0.4575217
train_td_Subj_31_part_101,0,1,0.6142035
train_td_Subj_31_part_102,0,1,0.64843595
train_td_Subj_31_part_103,0,1,0.63829017
train_td_Subj_31_part_104,0,1,0.5155882
train_td_Subj_31_part_105,0,0,0.48308423
train_td_Subj_31_part_106,0,1,0.5117184
train_td_Subj_31_part_107,0,0,0.43556404
train_td_Subj_31_part_108,0,0,0.4433457
train_td_Subj_31_part_109,0,1,0.5357189
train_td_Subj_31_part_11,0,1,0.64747363
train_td_Subj_31_part_110,0,1,0.5387412
train_td_Subj_31_part_111,0,1,0.52110827
train_td_Subj_31_part_112,0,1,0.5732244
train_td_Subj_31_part_113,0,1,0.58538324
train_td_Subj_31_part_114,0,1,0.5764197
train_td_Subj_31_part_115,0,1,0.51948583
train_td_Subj_31_part_116,0,1,0.5546191
train_td_Subj_32_part_1,0,1,0.5862429
train_td_Subj_32_part_10,0,0,0.48053712
train_td_Subj_32_part_100,0,1,0.5522187
train_td_Subj_32_part_101,0,1,0.5946452
train_td_Subj_32_part_102,0,1,0.59950674
train_td_Subj_32_part_103,0,1,0.6458155
train_td_Subj_32_part_104,0,1,0.60402095
train_td_Subj_32_part_105,0,0,0.46074647
train_td_Subj_32_part_106,0,1,0.5062543
train_td_Subj_32_part_107,0,0,0.4672949
train_td_Subj_32_part_108,0,0,0.47208208
train_td_Subj_32_part_109,0,0,0.43382278
train_td_Subj_32_part_11,0,0,0.46536037
train_td_Subj_32_part_110,0,0,0.43443835
train_td_Subj_32_part_111,0,1,0.50205386
train_td_Subj_32_part_112,0,1,0.5530921
train_td_Subj_32_part_113,0,1,0.639469
train_td_Subj_32_part_114,0,1,0.6701454
train_td_Subj_32_part_115,0,0,0.46020305
train_td_Subj_32_part_116,0,0,0.48661485
train_td_Subj_33_part_1,0,0,0.47530004
train_td_Subj_33_part_10,0,0,0.4597956
train_td_Subj_33_part_100,0,1,0.5607791
train_td_Subj_33_part_101,0,0,0.4962186
train_td_Subj_33_part_102,0,0,0.40524182
train_td_Subj_33_part_103,0,0,0.4817962
train_td_Subj_33_part_104,0,1,0.5473231
train_td_Subj_33_part_105,0,1,0.5010021
train_td_Subj_33_part_106,0,1,0.612338
train_td_Subj_33_part_107,0,1,0.520755
train_td_Subj_33_part_108,0,1,0.52153355
train_td_Subj_33_part_109,0,0,0.4817806
train_td_Subj_33_part_11,0,0,0.43747
train_td_Subj_33_part_110,0,1,0.5024791
train_td_Subj_33_part_111,0,1,0.5686135
train_td_Subj_33_part_112,0,1,0.6079178
train_td_Subj_33_part_113,0,1,0.53459847
train_td_Subj_33_part_114,0,1,0.625435
train_td_Subj_33_part_115,0,1,0.679868
train_td_Subj_33_part_116,0,1,0.56435275
train_td_Subj_34_part_1,0,1,0.6027529
train_td_Subj_34_part_10,0,1,0.6293615
train_td_Subj_34_part_100,0,0,0.4951425
train_td_Subj_34_part_101,0,1,0.53151536
train_td_Subj_34_part_102,0,1,0.50787103
train_td_Subj_34_part_103,0,1,0.5451694
train_td_Subj_34_part_104,0,1,0.5923302
train_td_Subj_34_part_105,0,0,0.44662327
train_td_Subj_34_part_106,0,1,0.5573729
train_td_Subj_34_part_107,0,1,0.5750653
train_td_Subj_34_part_108,0,0,0.45326778
train_td_Subj_34_part_109,0,1,0.52597356
train_td_Subj_34_part_11,0,1,0.59203935
train_td_Subj_34_part_110,0,1,0.65457964
train_td_Subj_34_part_111,0,1,0.7328517
train_td_Subj_34_part_112,0,0,0.47747093
train_td_Subj_34_part_113,0,0,0.48806477
train_td_Subj_34_part_114,0,0,0.40636843
train_td_Subj_34_part_115,0,0,0.46858495
train_td_Subj_34_part_116,0,1,0.5078603
train_td_Subj_35_part_1,0,1,0.59115696
train_td_Subj_35_part_10,0,1,0.55342185
train_td_Subj_35_part_100,0,0,0.4928074
train_td_Subj_35_part_101,0,1,0.6308633
train_td_Subj_35_part_102,0,0,0.43877134
train_td_Subj_35_part_103,0,1,0.59088045
train_td_Subj_35_part_104,0,1,0.5925528
train_td_Subj_35_part_105,0,1,0.6581265
train_td_Subj_35_part_106,0,1,0.55357623
train_td_Subj_35_part_107,0,0,0.49907118
train_td_Subj_35_part_108,0,1,0.6247766
train_td_Subj_35_part_109,0,1,0.51377785
train_td_Subj_35_part_11,0,1,0.5530052
train_td_Subj_35_part_110,0,0,0.48898196
train_td_Subj_35_part_111,0,0,0.4951553
train_td_Subj_35_part_112,0,0,0.46651915
train_td_Subj_35_part_113,0,1,0.61731553
train_td_Subj_35_part_114,0,0,0.49257264
train_td_Subj_35_part_115,0,1,0.53929853
train_td_Subj_35_part_116,0,0,0.48870847
train_td_Subj_36_part_1,0,1,0.5558202
train_td_Subj_36_part_10,0,1,0.58000374
train_td_Subj_36_part_100,0,0,0.45023376
train_td_Subj_36_part_101,0,0,0.46886158
train_td_Subj_36_part_102,0,1,0.5600238
train_td_Subj_36_part_103,0,1,0.52077836
train_td_Subj_36_part_104,0,1,0.5301238
train_td_Subj_36_part_105,0,0,0.49722987
train_td_Subj_36_part_106,0,0,0.4642283
train_td_Subj_36_part_107,0,1,0.54669636
train_td_Subj_36_part_108,0,1,0.5852109
train_td_Subj_36_part_109,0,0,0.457315
train_td_Subj_36_part_11,0,1,0.5444154
train_td_Subj_36_part_110,0,1,0.53620446
train_td_Subj_36_part_111,0,0,0.39860272
train_td_Subj_36_part_112,0,0,0.48915827
train_td_Subj_36_part_113,0,1,0.60152894
train_td_Subj_36_part_114,0,1,0.50476235
train_td_Subj_36_part_115,0,1,0.53086
train_td_Subj_36_part_116,0,1,0.5826795
train_td_Subj_37_part_1,0,1,0.61922187
train_td_Subj_37_part_10,0,1,0.5123714
train_td_Subj_37_part_100,0,0,0.46676815
train_td_Subj_37_part_101,0,1,0.50683594
train_td_Subj_37_part_102,0,1,0.5538753
train_td_Subj_37_part_103,0,1,0.54017913
train_td_Subj_37_part_104,0,1,0.6016955
train_td_Subj_37_part_105,0,1,0.5454596
train_td_Subj_37_part_106,0,0,0.49926755
train_td_Subj_37_part_107,0,1,0.50788915
train_td_Subj_37_part_108,0,1,0.53057075
train_td_Subj_37_part_109,0,0,0.4888025
train_td_Subj_37_part_11,0,1,0.55244625
train_td_Subj_37_part_110,0,1,0.5084623
train_td_Subj_37_part_111,0,1,0.55109924
train_td_Subj_37_part_112,0,1,0.6115481
train_td_Subj_37_part_113,0,1,0.5057385
train_td_Subj_37_part_114,0,1,0.5381814
train_td_Subj_37_part_115,0,1,0.5099446
train_td_Subj_37_part_116,0,1,0.7796302
train_td_Subj_38_part_1,0,0,0.4648634
train_td_Subj_38_part_10,0,1,0.512256
train_td_Subj_38_part_100,0,0,0.44085783
train_td_Subj_38_part_101,0,1,0.560444
train_td_Subj_38_part_102,0,1,0.5035937
train_td_Subj_38_part_103,0,1,0.5859841
train_td_Subj_38_part_104,0,0,0.44646147
train_td_Subj_38_part_105,0,0,0.40560475
train_td_Subj_38_part_106,0,0,0.42984083
train_td_Subj_38_part_107,0,0,0.41014344
train_td_Subj_38_part_108,0,1,0.5123396
train_td_Subj_38_part_109,0,0,0.3467402
train_td_Subj_38_part_11,0,1,0.5423919
train_td_Subj_38_part_110,0,0,0.27282813
train_td_Subj_38_part_111,0,0,0.49115527
train_td_Subj_38_part_112,0,0,0.47474673
train_td_Subj_38_part_113,0,1,0.5205226
train_td_Subj_38_part_114,0,1,0.54404604
train_td_Subj_38_part_115,0,1,0.5393006
train_td_Subj_38_part_116,0,0,0.48023957
train_td_Subj_39_part_1,0,0,0.48289564
train_td_Subj_39_part_10,0,1,0.58261895
train_td_Subj_39_part_100,0,0,0.45829996
train_td_Subj_39_part_101,0,0,0.49196222
train_td_Subj_39_part_102,0,0,0.4282718
train_td_Subj_39_part_103,0,0,0.49422884
train_td_Subj_39_part_104,0,1,0.5182701
train_td_Subj_39_part_105,0,1,0.54519427
train_td_Subj_39_part_106,0,0,0.48198965
train_td_Subj_39_part_107,0,0,0.4910586
train_td_Subj_39_part_108,0,1,0.5800059
train_td_Subj_39_part_109,0,0,0.4835622
train_td_Subj_39_part_11,0,0,0.49108526
train_td_Subj_39_part_110,0,1,0.62145907
train_td_Subj_39_part_111,0,1,0.565164
train_td_Subj_39_part_112,0,1,0.62568927
train_td_Subj_39_part_113,0,1,0.5145794
train_td_Subj_39_part_114,0,1,0.5832323
train_td_Subj_39_part_115,0,1,0.52791524
train_td_Subj_39_part_116,0,1,0.5165265
train_td_Subj_4_part_1,0,1,0.58293265
train_td_Subj_4_part_10,0,1,0.59785473
train_td_Subj_4_part_100,0,1,0.6434779
train_td_Subj_4_part_101,0,1,0.67775655
train_td_Subj_4_part_102,0,1,0.5382215
train_td_Subj_4_part_103,0,1,0.6646805
train_td_Subj_4_part_104,0,1,0.54145026
train_td_Subj_4_part_105,0,1,0.56443316
train_td_Subj_4_part_106,0,1,0.5008903
train_td_Subj_4_part_107,0,1,0.583145
train_td_Subj_4_part_108,0,1,0.6655992
train_td_Subj_4_part_109,0,0,0.4585245
train_td_Subj_4_part_11,0,1,0.55448806
train_td_Subj_4_part_110,0,1,0.6228646
train_td_Subj_4_part_111,0,1,0.57331
train_td_Subj_4_part_112,0,0,0.47742164
train_td_Subj_4_part_113,0,1,0.6164605
train_td_Subj_4_part_114,0,1,0.53699696
train_td_Subj_4_part_115,0,1,0.5144075
train_td_Subj_4_part_116,0,1,0.68573
train_td_Subj_40_part_1,0,1,0.6487782
train_td_Subj_40_part_10,0,1,0.627582
train_td_Subj_40_part_100,0,0,0.3257709
train_td_Subj_40_part_101,0,1,0.5351552
train_td_Subj_40_part_102,0,1,0.61716604
train_td_Subj_40_part_103,0,1,0.53222054
train_td_Subj_40_part_104,0,1,0.50746405
train_td_Subj_40_part_105,0,1,0.64364934
train_td_Subj_40_part_106,0,0,0.4761821
train_td_Subj_40_part_107,0,1,0.6038156
train_td_Subj_40_part_108,0,1,0.5784979
train_td_Subj_40_part_109,0,0,0.47133455
train_td_Subj_40_part_11,0,1,0.68905103
train_td_Subj_40_part_110,0,0,0.42422208
train_td_Subj_40_part_111,0,0,0.4743695
train_td_Subj_40_part_112,0,0,0.31711155
train_td_Subj_40_part_113,0,0,0.3979993
train_td_Subj_40_part_114,0,1,0.58049166
train_td_Subj_40_part_115,0,0,0.42321032
train_td_Subj_40_part_116,0,0,0.49356434
train_td_Subj_5_part_1,0,1,0.56317174
train_td_Subj_5_part_10,0,1,0.5408787
train_td_Subj_5_part_100,0,0,0.48558778
train_td_Subj_5_part_101,0,0,0.4341287
train_td_Subj_5_part_102,0,1,0.52637494
train_td_Subj_5_part_103,0,0,0.49042618
train_td_Subj_5_part_104,0,1,0.55474436
train_td_Subj_5_part_105,0,1,0.6319382
train_td_Subj_5_part_106,0,0,0.41587356
train_td_Subj_5_part_107,0,0,0.4523872
train_td_Subj_5_part_108,0,1,0.51782715
train_td_Subj_5_part_109,0,1,0.5054976
train_td_Subj_5_part_11,0,0,0.4752004
train_td_Subj_5_part_110,0,1,0.5137069
train_td_Subj_5_part_111,0,1,0.5132545
train_td_Subj_5_part_112,0,0,0.4295018
train_td_Subj_5_part_113,0,0,0.46128145
train_td_Subj_5_part_114,0,0,0.43828163
train_td_Subj_5_part_115,0,0,0.41015512
train_td_Subj_5_part_116,0,1,0.5094884
train_td_Subj_6_part_1,0,1,0.534318
train_td_Subj_6_part_10,0,1,0.554367
train_td_Subj_6_part_100,0,1,0.5462408
train_td_Subj_6_part_101,0,0,0.45349392
train_td_Subj_6_part_102,0,1,0.59984523
train_td_Subj_6_part_103,0,1,0.55521905
train_td_Subj_6_part_104,0,1,0.5559196
train_td_Subj_6_part_105,0,0,0.4307046
train_td_Subj_6_part_106,0,1,0.578622
train_td_Subj_6_part_107,0,1,0.59781563
train_td_Subj_6_part_108,0,1,0.58045185
train_td_Subj_6_part_109,0,1,0.53758323
train_td_Subj_6_part_11,0,1,0.5532266
train_td_Subj_6_part_110,0,1,0.5136615
train_td_Subj_6_part_111,0,1,0.52614
train_td_Subj_6_part_112,0,0,0.48008993
train_td_Subj_6_part_113,0,1,0.5915529
train_td_Subj_6_part_114,0,1,0.6295792
train_td_Subj_6_part_115,0,1,0.57266164
train_td_Subj_6_part_116,0,1,0.572515
train_td_Subj_7_part_1,0,0,0.4877821
train_td_Subj_7_part_10,0,1,0.5673233
train_td_Subj_7_part_100,0,1,0.54718834
train_td_Subj_7_part_101,0,1,0.53379345
train_td_Subj_7_part_102,0,0,0.44033647
train_td_Subj_7_part_103,0,1,0.5131787
train_td_Subj_7_part_104,0,1,0.5435345
train_td_Subj_7_part_105,0,1,0.52342886
train_td_Subj_7_part_106,0,0,0.49862596
train_td_Subj_7_part_107,0,0,0.46004567
train_td_Subj_7_part_108,0,0,0.4542252
train_td_Subj_7_part_109,0,0,0.45008078
train_td_Subj_7_part_11,0,1,0.5709202
train_td_Subj_7_part_110,0,1,0.5189694
train_td_Subj_7_part_111,0,0,0.48637527
train_td_Subj_7_part_112,0,0,0.45386988
train_td_Subj_7_part_113,0,0,0.45268443
train_td_Subj_7_part_114,0,0,0.42754176
train_td_Subj_7_part_115,0,0,0.4812744
train_td_Subj_7_part_116,0,0,0.32856914
train_td_Subj_8_part_1,0,0,0.41139543
train_td_Subj_8_part_10,0,0,0.40394884
train_td_Subj_8_part_100,0,1,0.5532014
train_td_Subj_8_part_101,0,1,0.6133281
train_td_Subj_8_part_102,0,0,0.4642865
train_td_Subj_8_part_103,0,0,0.4429419
train_td_Subj_8_part_104,0,0,0.43595946
train_td_Subj_8_part_105,0,0,0.48503914
train_td_Subj_8_part_106,0,0,0.4572176
train_td_Subj_8_part_107,0,1,0.5022191
train_td_Subj_8_part_108,0,1,0.6171969
train_td_Subj_8_part_109,0,0,0.4779522
train_td_Subj_8_part_11,0,0,0.42934573
train_td_Subj_8_part_110,0,0,0.49216577
train_td_Subj_8_part_111,0,1,0.5218511
train_td_Subj_8_part_112,0,1,0.50158393
train_td_Subj_8_part_113,0,0,0.45246014
train_td_Subj_8_part_114,0,0,0.49721158
train_td_Subj_8_part_115,0,0,0.44061884
train_td_Subj_8_part_116,0,0,0.3654914
train_td_Subj_9_part_1,0,1,0.51798904
train_td_Subj_9_part_10,0,1,0.5341771
train_td_Subj_9_part_100,0,1,0.5579517
train_td_Subj_9_part_101,0,1,0.50634515
train_td_Subj_9_part_102,0,1,0.5579601
train_td_Subj_9_part_103,0,1,0.525947
train_td_Subj_9_part_104,0,1,0.51998717
train_td_Subj_9_part_105,0,1,0.61133933
train_td_Subj_9_part_106,0,1,0.5173285
train_td_Subj_9_part_107,0,0,0.48547363
train_td_Subj_9_part_108,0,1,0.63808167
train_td_Subj_9_part_109,0,0,0.45434782
train_td_Subj_9_part_11,0,1,0.5254514
train_td_Subj_9_part_110,0,1,0.50571775
train_td_Subj_9_part_111,0,1,0.5433004
train_td_Subj_9_part_112,0,1,0.5563972
train_td_Subj_9_part_113,0,1,0.6009298
train_td_Subj_9_part_114,0,1,0.5562428
train_td_Subj_9_part_115,0,0,0.48151025
train_td_Subj_9_part_116,0,1,0.50208056
